2023 C1E,,,
Hourly Stream Data (Summary),,,
,,,
Dataset Reference Format:,,,
,"[Year of data collection] Stream data from Dry Creek Experimental Watershed. Watershed Process Research Group, Boise State University",,
, URL: earth.boisestate.edu/drycreek. Multi-paged. [month and day of data download].,,
,,,
Dataset Header Description,,,
,Column(s)| Variable| Description| [units],,
,1st Column  | DateTime| Time stamp of variable collection time [MM/DD/YY  hr:mm],,
,2nd Column|Discharge -L/s|Stream Discharge instantaneous measurements [L/s],,
,3rd Column |StreamTemp-C| Stream Temperature [C],,
,4th Column |StreamEC-mS/cm| Stream Electrical Conductivity [mS/cm],,
,,,
,,,
,**Note: -6999 denotes missing data,,
,,,
,,,
DateTime,Discharge-L/s,StreamTemp-C,StreamEC-mS/cm
1/1/2023 0:00,9.039707868,1.419,0.061
1/1/2023 1:00,22.54888831,1.269,0.061
1/1/2023 2:00,12.49686347,1.116,0.061
1/1/2023 3:00,15.2053142,0.932,0.061
1/1/2023 4:00,12.64808104,0.725,0.06
1/1/2023 5:00,3.101954432,0.559,0.06
1/1/2023 6:00,15.03784075,0.425,0.06
1/1/2023 7:00,8.666074686,0.324,0.06
1/1/2023 8:00,10.48477896,0.214,0.06
1/1/2023 9:00,13.73485942,0.122,0.06
1/1/2023 10:00,23.39302917,0.113,0.06
1/1/2023 11:00,29.78702295,0.145,0.06
1/1/2023 12:00,16.05810209,0.162,0.06
1/1/2023 13:00,20.31559481,0.145,0.06
1/1/2023 14:00,16.40643577,0.154,0.06
1/1/2023 15:00,21.31476432,0.156,0.06
1/1/2023 16:00,12.19744292,0.168,0.06
1/1/2023 17:00,10.07890539,0.201,0.06
1/1/2023 18:00,12.95353718,0.151,0.06
1/1/2023 19:00,13.26302984,0.103,0.06
1/1/2023 20:00,34.88201281,0.1,0.06
1/1/2023 21:00,19.15150968,0.105,0.06
1/1/2023 22:00,9.681875235,0.113,0.06
1/1/2023 23:00,6.292056881,0.118,0.06
1/2/2023 0:00,2.571635982,0.118,0.06
1/2/2023 1:00,-6999,0.118,0.061
1/2/2023 2:00,7.94487699,0.118,0.061
1/2/2023 3:00,4.164149573,0.118,0.061
1/2/2023 4:00,7.828039427,0.118,0.061
1/2/2023 5:00,16.75890849,0.118,0.061
1/2/2023 6:00,6.927648317,0.118,0.061
1/2/2023 7:00,6.927648317,0.118,0.061
1/2/2023 8:00,1.019429876,0.119,0.061
1/2/2023 9:00,0.98212972,0.119,0.062
1/2/2023 10:00,9.039707868,0.119,0.062
1/2/2023 11:00,12.49686347,0.119,0.062
1/2/2023 12:00,5.788115153,0.119,0.062
1/2/2023 13:00,6.087687639,0.12,0.062
1/2/2023 14:00,1.019429876,0.126,0.062
1/2/2023 15:00,0.438798229,0.13,0.062
1/2/2023 16:00,1.931025721,0.128,0.062
1/2/2023 17:00,2.764070899,0.127,0.062
1/2/2023 18:00,3.764939399,0.121,0.062
1/2/2023 19:00,1.931025721,0.119,0.062
1/2/2023 20:00,1.302269934,0.119,0.062
1/2/2023 21:00,-6999,0.119,0.062
1/2/2023 22:00,-6999,0.119,0.062
1/2/2023 23:00,-6999,0.119,0.062
1/3/2023 0:00,-6999,0.119,0.062
1/3/2023 1:00,-6999,0.119,0.061
1/3/2023 2:00,1.52796273,0.119,0.061
1/3/2023 3:00,1.176365093,0.119,0.061
1/3/2023 4:00,1.825362423,0.119,0.061
1/3/2023 5:00,0.220412231,0.119,0.061
1/3/2023 6:00,-6999,0.119,0.061
1/3/2023 7:00,3.764939399,0.119,0.061
1/3/2023 8:00,0.006986217,0.119,0.061
1/3/2023 9:00,0.271846655,0.119,0.061
1/3/2023 10:00,-6999,0.123,0.061
1/3/2023 11:00,5.401647217,0.128,0.061
1/3/2023 12:00,86.52207654,0.126,0.061
1/3/2023 13:00,38.15376583,0.133,0.061
1/3/2023 14:00,44.881419,0.134,0.061
1/3/2023 15:00,42.47280471,0.135,0.061
1/3/2023 16:00,47.99586278,0.132,0.061
1/3/2023 17:00,141.8938645,0.13,0.06
1/3/2023 18:00,138.4507852,0.128,0.06
1/3/2023 19:00,192.3236347,0.128,0.06
1/3/2023 20:00,147.7364734,0.13,0.06
1/3/2023 21:00,55.25695946,0.127,0.06
1/3/2023 22:00,53.55698318,0.129,0.06
1/3/2023 23:00,87.8460073,0.149,0.06
1/4/2023 0:00,5.887044,0.184,0.06
1/4/2023 1:00,6.81936499,0.2,0.06
1/4/2023 2:00,9.039707868,0.207,0.06
1/4/2023 3:00,11.90203319,0.218,0.06
1/4/2023 4:00,6.395642697,0.228,0.06
1/4/2023 5:00,5.887044,0.239,0.06
1/4/2023 6:00,7.94487699,0.259,0.06
1/4/2023 7:00,7.712158461,0.301,0.061
1/4/2023 8:00,11.46641607,0.338,0.061
1/4/2023 9:00,5.690112735,0.369,0.061
1/4/2023 10:00,14.37818719,0.426,0.061
1/4/2023 11:00,7.147049349,0.489,0.061
1/4/2023 12:00,9.681875235,0.527,0.061
1/4/2023 13:00,4.672743313,0.633,0.061
1/4/2023 14:00,10.76029271,0.733,0.061
1/4/2023 15:00,11.90203319,0.812,0.062
1/4/2023 16:00,13.41929303,0.837,0.062
1/4/2023 17:00,15.03784075,0.885,0.062
1/4/2023 18:00,5.213937987,0.918,0.062
1/4/2023 19:00,12.34665119,0.949,0.062
1/4/2023 20:00,12.19744292,0.974,0.062
1/4/2023 21:00,5.029893591,1.004,0.062
1/4/2023 22:00,15.2053142,1.038,0.062
1/4/2023 23:00,19.53531868,1.069,0.062
1/5/2023 0:00,12.49686347,1.094,0.062
1/5/2023 1:00,12.95353718,1.111,0.062
1/5/2023 2:00,5.788115153,1.132,0.063
1/5/2023 3:00,19.72880379,1.156,0.063
1/5/2023 4:00,6.189405738,1.179,0.063
1/5/2023 5:00,14.0544875,1.203,0.063
1/5/2023 6:00,7.036875913,1.227,0.063
1/5/2023 7:00,21.92702431,1.243,0.063
1/5/2023 8:00,9.681875235,1.265,0.063
1/5/2023 9:00,11.75582913,1.298,0.063
1/5/2023 10:00,3.687760304,1.241,0.063
1/5/2023 11:00,2.764070899,1.316,0.063
1/5/2023 12:00,18.02529234,1.379,0.063
1/5/2023 13:00,10.48477896,1.319,0.063
1/5/2023 14:00,13.89416513,1.364,0.063
1/5/2023 15:00,6.500164808,1.421,0.063
1/5/2023 16:00,11.32320443,1.424,0.063
1/5/2023 17:00,9.166192983,1.413,0.063
1/5/2023 18:00,12.04923735,1.38,0.062
1/5/2023 19:00,23.39302917,1.325,0.062
1/5/2023 20:00,11.03976427,1.278,0.062
1/5/2023 21:00,18.21037576,1.231,0.062
1/5/2023 22:00,18.21037576,1.224,0.061
1/5/2023 23:00,12.49686347,1.255,0.062
1/6/2023 0:00,12.34665119,1.319,0.062
1/6/2023 1:00,8.543466188,1.374,0.062
1/6/2023 2:00,11.75582913,1.404,0.062
1/6/2023 3:00,19.92334411,1.447,0.062
1/6/2023 4:00,17.84125406,1.48,0.062
1/6/2023 5:00,9.422082907,1.465,0.062
1/6/2023 6:00,5.401647217,1.402,0.062
1/6/2023 7:00,8.543466188,1.377,0.062
1/6/2023 8:00,19.34288768,1.397,0.061
1/6/2023 9:00,20.51330736,1.41,0.062
1/6/2023 10:00,9.039707868,1.446,0.062
1/6/2023 11:00,15.88548444,1.501,0.062
1/6/2023 12:00,19.92334411,1.564,0.062
1/6/2023 13:00,8.543466188,1.61,0.062
1/6/2023 14:00,5.788115153,1.653,0.062
1/6/2023 15:00,6.087687639,1.692,0.062
1/6/2023 16:00,8.181427921,1.704,0.062
1/6/2023 17:00,9.813238331,1.659,0.062
1/6/2023 18:00,19.92334411,1.626,0.062
1/6/2023 19:00,9.945581251,1.595,0.062
1/6/2023 20:00,7.147049349,1.563,0.062
1/6/2023 21:00,14.54156697,1.532,0.062
1/6/2023 22:00,13.73485942,1.502,0.062
1/6/2023 23:00,10.76029271,1.47,0.063
1/7/2023 0:00,9.681875235,1.427,0.063
1/7/2023 1:00,11.61062386,1.369,0.063
1/7/2023 2:00,6.81936499,1.326,0.063
1/7/2023 3:00,12.34665119,1.322,0.063
1/7/2023 4:00,5.307333632,1.304,0.063
1/7/2023 5:00,5.986900942,1.265,0.063
1/7/2023 6:00,6.712024355,1.229,0.063
1/7/2023 7:00,6.087687639,1.191,0.063
1/7/2023 8:00,11.61062386,1.147,0.063
1/7/2023 9:00,6.712024355,1.151,0.063
1/7/2023 10:00,7.258170184,1.191,0.063
1/7/2023 11:00,6.927648317,1.285,0.063
1/7/2023 12:00,10.34850287,1.397,0.063
1/7/2023 13:00,10.62204179,1.505,0.063
1/7/2023 14:00,5.401647217,1.576,0.064
1/7/2023 15:00,5.593035066,1.618,0.064
1/7/2023 16:00,14.0544875,1.668,0.064
1/7/2023 17:00,6.189405738,1.688,0.064
1/7/2023 18:00,7.94487699,1.686,0.064
1/7/2023 19:00,14.70596835,1.665,0.064
1/7/2023 20:00,11.46641607,1.656,0.064
1/7/2023 21:00,19.53531868,1.679,0.064
1/7/2023 22:00,7.828039427,1.667,0.064
1/7/2023 23:00,8.301144278,1.656,0.064
1/8/2023 0:00,9.293650854,1.642,0.064
1/8/2023 1:00,1.302269934,1.64,0.064
1/8/2023 2:00,3.536049584,1.617,0.064
1/8/2023 3:00,2.267880928,1.593,0.064
1/8/2023 4:00,5.121458553,1.589,0.064
1/8/2023 5:00,2.447599611,1.612,0.064
1/8/2023 6:00,4.939241352,1.622,0.064
1/8/2023 7:00,5.496880459,1.622,0.064
1/8/2023 8:00,3.921954779,1.637,0.064
1/8/2023 9:00,2.326945383,1.642,0.064
1/8/2023 10:00,4.585724251,1.649,0.064
1/8/2023 11:00,5.690112735,1.697,0.064
1/8/2023 12:00,4.849500075,1.753,0.064
1/8/2023 13:00,6.189405738,1.755,0.064
1/8/2023 14:00,9.166192983,1.777,0.064
1/8/2023 15:00,5.213937987,1.778,0.064
1/8/2023 16:00,3.387855702,1.853,0.064
1/8/2023 17:00,2.829926034,1.879,0.064
1/8/2023 18:00,2.447599611,1.888,0.064
1/8/2023 19:00,2.634928043,1.844,0.064
1/8/2023 20:00,3.172124005,1.798,0.064
1/8/2023 21:00,7.036875913,1.745,0.064
1/8/2023 22:00,6.189405738,1.69,0.064
1/8/2023 23:00,8.421823208,1.649,0.064
1/9/2023 0:00,5.887044,1.608,0.064
1/9/2023 1:00,3.315072601,1.566,0.064
1/9/2023 2:00,5.788115153,1.496,0.064
1/9/2023 3:00,1.176365093,1.429,0.064
1/9/2023 4:00,6.395642697,1.363,0.064
1/9/2023 5:00,9.039707868,1.334,0.064
1/9/2023 6:00,7.036875913,1.347,0.064
1/9/2023 7:00,4.082525878,1.37,0.064
1/9/2023 8:00,4.76066799,1.409,0.064
1/9/2023 9:00,5.029893591,1.462,0.064
1/9/2023 10:00,3.687760304,1.517,0.064
1/9/2023 11:00,3.611464351,1.53,0.064
1/9/2023 12:00,4.246667874,1.482,0.064
1/9/2023 13:00,4.672743313,1.495,0.064
1/9/2023 14:00,5.788115153,1.527,0.063
1/9/2023 15:00,6.500164808,1.581,0.063
1/9/2023 16:00,4.499608999,1.626,0.064
1/9/2023 17:00,6.605624826,1.663,0.064
1/9/2023 18:00,5.690112735,1.68,0.063
1/9/2023 19:00,12.34665119,1.669,0.063
1/9/2023 20:00,6.087687639,1.661,0.063
1/9/2023 21:00,5.690112735,1.636,0.063
1/9/2023 22:00,3.387855702,1.613,0.063
1/9/2023 23:00,4.00179491,1.593,0.063
1/10/2023 0:00,7.258170184,1.589,0.063
1/10/2023 1:00,7.94487699,1.589,0.063
1/10/2023 2:00,3.243162712,1.589,0.063
1/10/2023 3:00,7.483260258,1.589,0.064
1/10/2023 4:00,7.828039427,1.593,0.064
1/10/2023 5:00,2.447599611,1.584,0.064
1/10/2023 6:00,2.764070899,1.528,0.064
1/10/2023 7:00,2.896639836,1.469,0.064
1/10/2023 8:00,3.243162712,1.402,0.064
1/10/2023 9:00,3.461514029,1.354,0.063
1/10/2023 10:00,5.121458553,1.344,0.063
1/10/2023 11:00,6.395642697,1.426,0.064
1/10/2023 12:00,5.788115153,1.557,0.064
1/10/2023 13:00,2.509193909,1.684,0.064
1/10/2023 14:00,10.07890539,1.783,0.064
1/10/2023 15:00,4.41439574,1.845,0.064
1/10/2023 16:00,5.496880459,1.784,0.064
1/10/2023 17:00,5.986900942,1.768,0.064
1/10/2023 18:00,10.34850287,1.778,0.064
1/10/2023 19:00,4.330082646,1.768,0.064
1/10/2023 20:00,7.483260258,1.776,0.064
1/10/2023 21:00,6.81936499,1.776,0.064
1/10/2023 22:00,4.849500075,1.783,0.064
1/10/2023 23:00,9.945581251,1.792,0.064
1/11/2023 0:00,16.23175213,1.792,0.064
1/11/2023 1:00,5.788115153,1.794,0.064
1/11/2023 2:00,4.164149573,1.797,0.064
1/11/2023 3:00,4.41439574,1.775,0.064
1/11/2023 4:00,5.593035066,1.782,0.064
1/11/2023 5:00,2.386850853,1.772,0.064
1/11/2023 6:00,4.76066799,1.763,0.064
1/11/2023 7:00,5.986900942,1.764,0.064
1/11/2023 8:00,1.985092942,1.758,0.064
1/11/2023 9:00,6.712024355,1.722,0.064
1/11/2023 10:00,6.81936499,1.739,0.064
1/11/2023 11:00,4.082525878,1.751,0.064
1/11/2023 12:00,4.00179491,1.869,0.064
1/11/2023 13:00,11.75582913,2.015,0.065
1/11/2023 14:00,5.593035066,2.152,0.065
1/11/2023 15:00,6.292056881,2.225,0.065
1/11/2023 16:00,7.712158461,2.182,0.065
1/11/2023 17:00,8.181427921,2.165,0.065
1/11/2023 18:00,3.032651934,2.095,0.065
1/11/2023 19:00,7.258170184,2.006,0.065
1/11/2023 20:00,6.292056881,1.977,0.065
1/11/2023 21:00,8.062672655,1.957,0.065
1/11/2023 22:00,9.813238331,1.952,0.065
1/11/2023 23:00,9.039707868,1.936,0.065
1/12/2023 0:00,10.48477896,1.932,0.065
1/12/2023 1:00,9.945581251,1.927,0.065
1/12/2023 2:00,8.301144278,1.916,0.065
1/12/2023 3:00,5.788115153,1.893,0.065
1/12/2023 4:00,6.712024355,1.894,0.065
1/12/2023 5:00,5.307333632,1.894,0.065
1/12/2023 6:00,5.496880459,1.888,0.065
1/12/2023 7:00,2.896639836,1.897,0.065
1/12/2023 8:00,5.307333632,1.894,0.065
1/12/2023 9:00,10.76029271,1.899,0.065
1/12/2023 10:00,8.789650163,1.948,0.065
1/12/2023 11:00,14.54156697,2.066,0.065
1/12/2023 12:00,3.387855702,2.166,0.065
1/12/2023 13:00,8.789650163,2.28,0.065
1/12/2023 14:00,3.461514029,2.357,0.065
1/12/2023 15:00,11.32320443,2.434,0.066
1/12/2023 16:00,8.543466188,2.469,0.066
1/12/2023 17:00,3.243162712,2.426,0.066
1/12/2023 18:00,7.147049349,2.337,0.065
1/12/2023 19:00,7.94487699,2.282,0.065
1/12/2023 20:00,9.039707868,2.25,0.065
1/12/2023 21:00,10.62204179,2.197,0.065
1/12/2023 22:00,4.585724251,2.153,0.065
1/12/2023 23:00,3.921954779,2.107,0.065
1/13/2023 0:00,13.73485942,2.102,0.065
1/13/2023 1:00,9.551490563,2.175,0.065
1/13/2023 2:00,12.19744292,2.214,0.065
1/13/2023 3:00,11.75582913,2.186,0.065
1/13/2023 4:00,10.07890539,2.134,0.065
1/13/2023 5:00,11.75582913,2.118,0.065
1/13/2023 6:00,6.927648317,2.116,0.065
1/13/2023 7:00,13.10777831,2.112,0.065
1/13/2023 8:00,17.1155296,2.135,0.065
1/13/2023 9:00,12.34665119,2.135,0.065
1/13/2023 10:00,9.166192983,2.157,0.065
1/13/2023 11:00,15.2053142,2.277,0.065
1/13/2023 12:00,6.605624826,2.417,0.065
1/13/2023 13:00,12.95353718,2.533,0.065
1/13/2023 14:00,14.37818719,2.638,0.065
1/13/2023 15:00,6.712024355,2.725,0.065
1/13/2023 16:00,20.7120795,2.699,0.065
1/13/2023 17:00,18.77190826,2.621,0.065
1/13/2023 18:00,22.54888831,2.58,0.065
1/13/2023 19:00,18.39650547,2.551,0.065
1/13/2023 20:00,23.60674796,2.554,0.065
1/13/2023 21:00,13.89416513,2.515,0.065
1/13/2023 22:00,15.2053142,2.444,0.064
1/13/2023 23:00,38.43374707,2.388,0.064
1/14/2023 0:00,32.79062046,2.328,0.063
1/14/2023 1:00,29.78702295,2.197,0.062
1/14/2023 2:00,28.82118098,2.162,0.061
1/14/2023 3:00,28.10833748,2.179,0.06
1/14/2023 4:00,7.94487699,2.2,0.059
1/14/2023 5:00,0.48749741,2.23,0.059
1/14/2023 6:00,0.160975524,2.252,0.059
1/14/2023 7:00,0.680584061,2.282,0.059
1/14/2023 8:00,0.309476144,2.281,0.059
1/14/2023 9:00,0.329306929,2.303,0.059
1/14/2023 10:00,2.509193909,2.33,0.06
1/14/2023 11:00,15.54334164,2.405,0.06
1/14/2023 12:00,18.21037576,2.557,0.06
1/14/2023 13:00,31.51972474,2.696,0.061
1/14/2023 14:00,30.2765544,2.823,0.061
1/14/2023 15:00,17.1155296,2.878,0.061
1/14/2023 16:00,38.99710826,2.875,0.061
1/14/2023 17:00,24.91168241,2.858,0.061
1/14/2023 18:00,47.67921351,2.799,0.061
1/14/2023 19:00,53.89462888,2.724,0.061
1/14/2023 20:00,20.11894076,2.667,0.061
1/14/2023 21:00,30.2765544,2.608,0.06
1/14/2023 22:00,51.22626925,2.546,0.06
1/14/2023 23:00,62.71932764,2.51,0.06
1/15/2023 0:00,34.61667478,2.48,0.06
1/15/2023 1:00,39.56500691,2.459,0.059
1/15/2023 2:00,50.89798721,2.449,0.06
1/15/2023 3:00,40.13744998,2.433,0.06
1/15/2023 4:00,20.91191232,2.431,0.06
1/15/2023 5:00,35.14847185,2.42,0.06
1/15/2023 6:00,42.76986621,2.432,0.06
1/15/2023 7:00,30.52297608,2.42,0.06
1/15/2023 8:00,18.39650547,2.42,0.06
1/15/2023 9:00,28.82118098,2.411,0.06
1/15/2023 10:00,29.78702295,2.383,0.06
1/15/2023 11:00,31.01913614,2.407,0.06
1/15/2023 12:00,20.11894076,2.396,0.06
1/15/2023 13:00,45.18766836,2.376,0.06
1/15/2023 14:00,26.71220562,2.403,0.06
1/15/2023 15:00,33.8273777,2.491,0.061
1/15/2023 16:00,24.03741308,2.563,0.061
1/15/2023 17:00,22.96881397,2.63,0.061
1/15/2023 18:00,17.1155296,2.636,0.061
1/15/2023 19:00,15.3738141,2.579,0.061
1/15/2023 20:00,21.31476432,2.508,0.061
1/15/2023 21:00,14.70596835,2.413,0.061
1/15/2023 22:00,27.63858818,2.336,0.061
1/15/2023 23:00,17.65825979,2.276,0.061
1/16/2023 0:00,18.39650547,2.243,0.061
1/16/2023 1:00,19.15150968,2.211,0.061
1/16/2023 2:00,49.27406439,2.166,0.061
1/16/2023 3:00,34.08935814,2.121,0.061
1/16/2023 4:00,19.72880379,2.058,0.06
1/16/2023 5:00,26.02886409,1.991,0.06
1/16/2023 6:00,17.84125406,1.906,0.06
1/16/2023 7:00,15.88548444,1.858,0.06
1/16/2023 8:00,11.03976427,1.828,0.06
1/16/2023 9:00,22.34053143,1.754,0.06
1/16/2023 10:00,26.94216422,1.678,0.06
1/16/2023 11:00,28.34485506,1.721,0.06
1/16/2023 12:00,21.1128069,1.843,0.06
1/16/2023 13:00,30.52297608,1.96,0.06
1/16/2023 14:00,28.58246924,2.081,0.061
1/16/2023 15:00,24.47238849,2.233,0.061
1/16/2023 16:00,35.41605282,2.338,0.061
1/16/2023 17:00,31.51972474,2.38,0.061
1/16/2023 18:00,41.88211493,2.343,0.061
1/16/2023 19:00,19.72880379,2.257,0.061
1/16/2023 20:00,35.68475661,2.16,0.061
1/16/2023 21:00,40.13744998,2.031,0.061
1/16/2023 22:00,26.48333673,1.877,0.061
1/16/2023 23:00,18.21037576,1.716,0.06
1/17/2023 0:00,46.73621541,1.547,0.06
1/17/2023 1:00,37.04514941,1.376,0.06
1/17/2023 2:00,14.0544875,1.201,0.06
1/17/2023 3:00,1.176365093,1.039,0.059
1/17/2023 4:00,0.621779374,0.898,0.059
1/17/2023 5:00,1.345815998,0.73,0.059
1/17/2023 6:00,1.575503488,0.581,0.059
1/17/2023 7:00,0.593475425,0.451,0.059
1/17/2023 8:00,0.462793561,0.357,0.058
1/17/2023 9:00,0.742341202,0.279,0.058
1/17/2023 10:00,0.309476144,0.268,0.058
1/17/2023 11:00,0.650814402,0.343,0.058
1/17/2023 12:00,1.259514632,0.364,0.059
1/17/2023 13:00,0.680584061,0.443,0.059
1/17/2023 14:00,0.742341202,0.533,0.059
1/17/2023 15:00,2.209655196,0.615,0.059
1/17/2023 16:00,0.680584061,0.687,0.059
1/17/2023 17:00,1.176365093,0.767,0.059
1/17/2023 18:00,1.302269934,0.818,0.059
1/17/2023 19:00,1.135965165,0.791,0.059
1/17/2023 20:00,1.985092942,0.747,0.059
1/17/2023 21:00,2.152265875,0.657,0.059
1/17/2023 22:00,2.209655196,0.539,0.059
1/17/2023 23:00,19.92334411,0.422,0.059
1/18/2023 0:00,13.73485942,0.299,0.059
1/18/2023 1:00,16.05810209,0.185,0.059
1/18/2023 2:00,18.5836826,0.098,0.058
1/18/2023 3:00,14.37818719,0.104,0.059
1/18/2023 4:00,7.94487699,0.11,0.059
1/18/2023 5:00,3.921954779,0.115,0.059
1/18/2023 6:00,0.774335521,0.118,0.059
1/18/2023 7:00,0.392917075,0.119,0.059
1/18/2023 8:00,5.029893591,0.119,0.06
1/18/2023 9:00,0.236895502,0.125,0.06
1/18/2023 10:00,1.825362423,0.126,0.06
1/18/2023 11:00,0.98212972,0.124,0.06
1/18/2023 12:00,-6999,0.133,0.059
1/18/2023 13:00,0.016282032,0.137,0.059
1/18/2023 14:00,-6999,0.191,0.059
1/18/2023 15:00,14.37818719,0.289,0.059
1/18/2023 16:00,30.52297608,0.329,0.059
1/18/2023 17:00,23.82154225,0.358,0.059
1/18/2023 18:00,19.34288768,0.405,0.059
1/18/2023 19:00,7.712158461,0.598,0.059
1/18/2023 20:00,7.370239973,0.677,0.059
1/18/2023 21:00,29.06099126,0.741,0.059
1/18/2023 22:00,14.54156697,0.808,0.06
1/18/2023 23:00,11.1809876,0.873,0.06
1/19/2023 0:00,18.21037576,0.894,0.06
1/19/2023 1:00,7.370239973,0.901,0.06
1/19/2023 2:00,4.246667874,0.853,0.06
1/19/2023 3:00,7.597232578,0.763,0.06
1/19/2023 4:00,18.96118358,0.726,0.06
1/19/2023 5:00,16.05810209,0.633,0.059
1/19/2023 6:00,20.11894076,0.569,0.059
1/19/2023 7:00,22.34053143,0.421,0.059
1/19/2023 8:00,11.75582913,0.138,0.058
1/19/2023 9:00,17.65825979,0.121,0.058
1/19/2023 10:00,21.1128069,0.13,0.058
1/19/2023 11:00,8.181427921,0.134,0.058
1/19/2023 12:00,30.2765544,0.167,0.058
1/19/2023 13:00,20.91191232,0.36,0.058
1/19/2023 14:00,9.681875235,0.553,0.058
1/19/2023 15:00,12.80030518,0.796,0.059
1/19/2023 16:00,14.37818719,0.807,0.059
1/19/2023 17:00,12.34665119,0.781,0.059
1/19/2023 18:00,9.422082907,0.723,0.059
1/19/2023 19:00,7.036875913,0.62,0.059
1/19/2023 20:00,16.58215416,0.473,0.059
1/19/2023 21:00,16.75890849,0.359,0.059
1/19/2023 22:00,8.181427921,0.254,0.059
1/19/2023 23:00,9.681875235,0.115,0.059
1/20/2023 0:00,3.032651934,0.117,0.059
1/20/2023 1:00,6.927648317,0.115,0.059
1/20/2023 2:00,2.039987113,0.118,0.06
1/20/2023 3:00,14.70596835,0.118,0.06
1/20/2023 4:00,16.40643577,0.119,0.06
1/20/2023 5:00,12.04923735,0.119,0.06
1/20/2023 6:00,2.764070899,0.119,0.06
1/20/2023 7:00,3.461514029,0.119,0.06
1/20/2023 8:00,2.447599611,0.119,0.061
1/20/2023 9:00,4.76066799,0.119,0.061
1/20/2023 10:00,5.986900942,0.12,0.061
1/20/2023 11:00,16.23175213,0.127,0.061
1/20/2023 12:00,3.101954432,0.129,0.061
1/20/2023 13:00,2.039987113,0.139,0.061
1/20/2023 14:00,2.829926034,0.152,0.061
1/20/2023 15:00,0.48749741,0.142,0.061
1/20/2023 16:00,0.774335521,0.137,0.061
1/20/2023 17:00,0.438798229,0.128,0.061
1/20/2023 18:00,1.096344613,0.118,0.061
1/20/2023 19:00,-6999,0.123,0.061
1/20/2023 20:00,-6999,0.123,0.061
1/20/2023 21:00,-6999,0.119,0.061
1/20/2023 22:00,-6999,0.118,0.061
1/20/2023 23:00,0.001762832,0.118,0.061
1/21/2023 0:00,0.621779374,0.119,0.061
1/21/2023 1:00,1.135965165,0.119,0.061
1/21/2023 2:00,4.246667874,0.119,0.061
1/21/2023 3:00,8.789650163,0.119,0.061
1/21/2023 4:00,9.681875235,0.119,0.061
1/21/2023 5:00,4.672743313,0.119,0.061
1/21/2023 6:00,2.964214433,0.119,0.061
1/21/2023 7:00,3.172124005,0.119,0.061
1/21/2023 8:00,2.039987113,0.119,0.062
1/21/2023 9:00,2.386850853,0.12,0.062
1/21/2023 10:00,1.722977578,0.121,0.062
1/21/2023 11:00,4.00179491,0.125,0.062
1/21/2023 12:00,0.100881842,0.128,0.062
1/21/2023 13:00,-6999,0.128,0.062
1/21/2023 14:00,6.81936499,0.155,0.062
1/21/2023 15:00,5.121458553,0.146,0.062
1/21/2023 16:00,-6999,0.137,0.062
1/21/2023 17:00,0.945596994,0.128,0.062
1/21/2023 18:00,0.030040929,0.117,0.062
1/21/2023 19:00,0.041844966,0.122,0.061
1/21/2023 20:00,-6999,0.127,0.061
1/21/2023 21:00,-6999,0.128,0.061
1/21/2023 22:00,-6999,0.128,0.061
1/21/2023 23:00,-6999,0.127,0.061
1/22/2023 0:00,-6999,0.125,0.061
1/22/2023 1:00,-6999,0.124,0.061
1/22/2023 2:00,-6999,0.125,0.061
1/22/2023 3:00,0.090696785,0.126,0.061
1/22/2023 4:00,2.51E-05,0.126,0.06
1/22/2023 5:00,-6999,0.127,0.06
1/22/2023 6:00,0.160975524,0.127,0.06
1/22/2023 7:00,1.057500506,0.127,0.06
1/22/2023 8:00,-6999,0.124,0.06
1/22/2023 9:00,-6999,0.127,0.06
1/22/2023 10:00,12.49686347,0.128,0.06
1/22/2023 11:00,17.1155296,0.13,0.06
1/22/2023 12:00,14.0544875,0.121,0.06
1/22/2023 13:00,19.34288768,0.12,0.06
1/22/2023 14:00,73.48871798,0.139,0.06
1/22/2023 15:00,356.5505567,0.145,0.06
1/22/2023 16:00,331.1054361,0.14,0.06
1/22/2023 17:00,-6999,0.152,0.06
1/22/2023 18:00,49.59651997,0.156,0.06
1/22/2023 19:00,24.03741308,0.157,0.06
1/22/2023 20:00,30.52297608,0.167,0.06
1/22/2023 21:00,8.543466188,0.161,0.06
1/22/2023 22:00,8.914194075,0.149,0.06
1/22/2023 23:00,2.829926034,0.135,0.06
1/23/2023 0:00,4.939241352,0.129,0.06
1/23/2023 1:00,11.46641607,0.132,0.06
1/23/2023 2:00,6.605624826,0.131,0.06
1/23/2023 3:00,6.927648317,0.128,0.06
1/23/2023 4:00,4.082525878,0.123,0.06
1/23/2023 5:00,7.370239973,0.103,0.061
1/23/2023 6:00,19.92334411,0.104,0.061
1/23/2023 7:00,11.1809876,0.102,0.061
1/23/2023 8:00,7.597232578,0.108,0.061
1/23/2023 9:00,4.672743313,0.114,0.061
1/23/2023 10:00,1.825362423,0.122,0.061
1/23/2023 11:00,0.462793561,0.128,0.062
1/23/2023 12:00,3.315072601,0.144,0.062
1/23/2023 13:00,166.6813627,0.163,0.061
1/23/2023 14:00,74.69872261,0.168,0.061
1/23/2023 15:00,8.062672655,0.177,0.061
1/23/2023 16:00,4.164149573,0.176,0.061
1/23/2023 17:00,3.315072601,0.17,0.061
1/23/2023 18:00,8.062672655,0.157,0.061
1/23/2023 19:00,5.401647217,0.156,0.06
1/23/2023 20:00,8.789650163,0.155,0.06
1/23/2023 21:00,10.07890539,0.139,0.06
1/23/2023 22:00,7.036875913,0.129,0.06
1/23/2023 23:00,7.147049349,0.121,0.06
1/24/2023 0:00,4.499608999,0.11,0.061
1/24/2023 1:00,4.672743313,0.108,0.061
1/24/2023 2:00,5.029893591,0.108,0.061
1/24/2023 3:00,5.788115153,0.11,0.061
1/24/2023 4:00,3.536049584,0.11,0.061
1/24/2023 5:00,12.34665119,0.11,0.061
1/24/2023 6:00,26.02886409,0.11,0.062
1/24/2023 7:00,52.88521064,0.114,0.062
1/24/2023 8:00,161.05092,0.117,0.062
1/24/2023 9:00,54.57344305,0.119,0.062
1/24/2023 10:00,7.712158461,0.122,0.062
1/24/2023 11:00,0.009610608,0.128,0.062
1/24/2023 12:00,3.315072601,0.129,0.063
1/24/2023 13:00,-6999,0.137,0.062
1/24/2023 14:00,212.7141521,0.18,0.062
1/24/2023 15:00,196.4492408,0.168,0.062
1/24/2023 16:00,15.88548444,0.155,0.062
1/24/2023 17:00,5.690112735,0.151,0.061
1/24/2023 18:00,4.849500075,0.145,0.061
1/24/2023 19:00,8.789650163,0.143,0.061
1/24/2023 20:00,5.307333632,0.152,0.061
1/24/2023 21:00,9.813238331,0.155,0.061
1/24/2023 22:00,7.036875913,0.156,0.06
1/24/2023 23:00,5.496880459,0.156,0.06
1/25/2023 0:00,8.062672655,0.156,0.06
1/25/2023 1:00,4.330082646,0.156,0.06
1/25/2023 2:00,8.062672655,0.157,0.06
1/25/2023 3:00,11.75582913,0.161,0.06
1/25/2023 4:00,14.70596835,0.16,0.06
1/25/2023 5:00,7.712158461,0.17,0.06
1/25/2023 6:00,9.293650854,0.176,0.06
1/25/2023 7:00,9.166192983,0.185,0.06
1/25/2023 8:00,12.49686347,0.195,0.06
1/25/2023 9:00,12.64808104,0.207,0.06
1/25/2023 10:00,11.32320443,0.239,0.06
1/25/2023 11:00,8.181427921,0.282,0.06
1/25/2023 12:00,8.543466188,0.313,0.06
1/25/2023 13:00,15.88548444,0.337,0.06
1/25/2023 14:00,10.76029271,0.364,0.06
1/25/2023 15:00,11.75582913,0.364,0.06
1/25/2023 16:00,6.712024355,0.336,0.06
1/25/2023 17:00,11.32320443,0.333,0.06
1/25/2023 18:00,8.666074686,0.327,0.06
1/25/2023 19:00,4.672743313,0.316,0.06
1/25/2023 20:00,7.370239973,0.311,0.06
1/25/2023 21:00,9.945581251,0.311,0.06
1/25/2023 22:00,10.48477896,0.307,0.06
1/25/2023 23:00,7.147049349,0.294,0.06
1/26/2023 0:00,15.2053142,0.288,0.06
1/26/2023 1:00,10.21321213,0.277,0.06
1/26/2023 2:00,7.94487699,0.258,0.06
1/26/2023 3:00,5.496880459,0.261,0.061
1/26/2023 4:00,5.213937987,0.282,0.061
1/26/2023 5:00,12.49686347,0.301,0.061
1/26/2023 6:00,4.939241352,0.314,0.061
1/26/2023 7:00,7.036875913,0.341,0.061
1/26/2023 8:00,6.189405738,0.395,0.061
1/26/2023 9:00,6.712024355,0.421,0.061
1/26/2023 10:00,11.61062386,0.478,0.061
1/26/2023 11:00,12.64808104,0.539,0.061
1/26/2023 12:00,5.788115153,0.582,0.061
1/26/2023 13:00,6.927648317,0.645,0.061
1/26/2023 14:00,7.370239973,0.715,0.061
1/26/2023 15:00,8.666074686,0.659,0.061
1/26/2023 16:00,1.931025721,0.694,0.061
1/26/2023 17:00,4.164149573,0.706,0.061
1/26/2023 18:00,6.395642697,0.692,0.061
1/26/2023 19:00,14.37818719,0.713,0.061
1/26/2023 20:00,3.764939399,0.614,0.061
1/26/2023 21:00,8.914194075,0.695,0.061
1/26/2023 22:00,8.421823208,0.74,0.061
1/26/2023 23:00,8.301144278,0.776,0.061
1/27/2023 0:00,11.61062386,0.805,0.062
1/27/2023 1:00,5.887044,0.838,0.062
1/27/2023 2:00,6.292056881,0.874,0.062
1/27/2023 3:00,4.246667874,0.909,0.062
1/27/2023 4:00,4.082525878,0.943,0.062
1/27/2023 5:00,5.213937987,0.968,0.062
1/27/2023 6:00,8.181427921,0.996,0.062
1/27/2023 7:00,4.00179491,1.01,0.062
1/27/2023 8:00,6.605624826,1.032,0.062
1/27/2023 9:00,10.48477896,1.058,0.062
1/27/2023 10:00,18.21037576,1.073,0.062
1/27/2023 11:00,8.914194075,1.069,0.062
1/27/2023 12:00,12.95353718,1.137,0.062
1/27/2023 13:00,6.712024355,1.22,0.062
1/27/2023 14:00,10.62204179,1.24,0.062
1/27/2023 15:00,3.461514029,1.218,0.062
1/27/2023 16:00,16.23175213,1.239,0.062
1/27/2023 17:00,19.34288768,1.203,0.062
1/27/2023 18:00,8.181427921,1.224,0.062
1/27/2023 19:00,12.95353718,1.185,0.062
1/27/2023 20:00,9.813238331,1.132,0.062
1/27/2023 21:00,11.1809876,1.138,0.062
1/27/2023 22:00,13.73485942,1.119,0.062
1/27/2023 23:00,4.939241352,1.064,0.062
1/28/2023 0:00,9.166192983,1.087,0.062
1/28/2023 1:00,14.37818719,1.071,0.062
1/28/2023 2:00,12.04923735,1.04,0.062
1/28/2023 3:00,13.73485942,1.062,0.062
1/28/2023 4:00,21.31476432,1.074,0.062
1/28/2023 5:00,7.597232578,1.095,0.062
1/28/2023 6:00,6.605624826,1.118,0.062
1/28/2023 7:00,16.05810209,1.139,0.063
1/28/2023 8:00,5.788115153,1.145,0.063
1/28/2023 9:00,13.89416513,1.156,0.063
1/28/2023 10:00,12.34665119,1.183,0.063
1/28/2023 11:00,9.945581251,1.214,0.063
1/28/2023 12:00,18.77190826,1.254,0.063
1/28/2023 13:00,9.551490563,1.317,0.063
1/28/2023 14:00,7.036875913,1.363,0.063
1/28/2023 15:00,19.53531868,1.407,0.063
1/28/2023 16:00,6.395642697,1.402,0.063
1/28/2023 17:00,14.21582778,1.382,0.063
1/28/2023 18:00,23.60674796,1.365,0.063
1/28/2023 19:00,8.062672655,1.3,0.063
1/28/2023 20:00,13.41929303,1.25,0.063
1/28/2023 21:00,10.62204179,1.204,0.063
1/28/2023 22:00,10.76029271,1.165,0.063
1/28/2023 23:00,9.551490563,1.13,0.063
1/29/2023 0:00,16.58215416,1.034,0.063
1/29/2023 1:00,7.370239973,0.922,0.062
1/29/2023 2:00,6.712024355,0.796,0.062
1/29/2023 3:00,9.422082907,0.651,0.062
1/29/2023 4:00,10.34850287,0.495,0.062
1/29/2023 5:00,8.421823208,0.347,0.062
1/29/2023 6:00,3.611464351,0.24,0.061
1/29/2023 7:00,12.49686347,0.195,0.061
1/29/2023 8:00,2.039987113,0.177,0.061
1/29/2023 9:00,11.75582913,0.112,0.061
1/29/2023 10:00,26.25555655,0.127,0.061
1/29/2023 11:00,4.00179491,0.142,0.061
1/29/2023 12:00,3.764939399,0.149,0.061
1/29/2023 13:00,13.89416513,0.165,0.062
1/29/2023 14:00,8.543466188,0.167,0.062
1/29/2023 15:00,7.036875913,0.152,0.062
1/29/2023 16:00,11.32320443,0.147,0.062
1/29/2023 17:00,7.597232578,0.143,0.062
1/29/2023 18:00,14.21582778,0.148,0.062
1/29/2023 19:00,13.89416513,0.122,0.062
1/29/2023 20:00,9.293650854,0.113,0.062
1/29/2023 21:00,9.681875235,0.114,0.062
1/29/2023 22:00,13.10777831,0.102,0.062
1/29/2023 23:00,7.370239973,0.109,0.062
1/30/2023 0:00,9.293650854,0.121,0.062
1/30/2023 1:00,112.5774463,0.125,0.062
1/30/2023 2:00,-6999,0.122,0.063
1/30/2023 3:00,156.7455513,0.112,0.063
1/30/2023 4:00,88.73480912,0.115,0.063
1/30/2023 5:00,37.04514941,0.116,0.064
1/30/2023 6:00,66.45733016,0.119,0.064
1/30/2023 7:00,15.88548444,0.12,0.064
1/30/2023 8:00,22.13324378,0.121,0.064
1/30/2023 9:00,0.593475425,0.122,0.064
1/30/2023 10:00,185.5550685,0.122,0.065
1/30/2023 11:00,159.1978609,0.128,0.065
1/30/2023 12:00,131.1508764,0.136,0.065
1/30/2023 13:00,210.5520249,0.147,0.065
1/30/2023 14:00,119.2932421,0.145,0.065
1/30/2023 15:00,17.65825979,0.138,0.065
1/30/2023 16:00,18.39650547,0.132,0.065
1/30/2023 17:00,14.0544875,0.127,0.065
1/30/2023 18:00,0.204583827,0.125,0.065
1/30/2023 19:00,-6999,0.121,0.065
1/30/2023 20:00,0.016282032,0.125,0.065
1/30/2023 21:00,17.29539871,0.122,0.065
1/30/2023 22:00,44.27237367,0.123,0.065
1/30/2023 23:00,6.81936499,0.12,0.065
1/31/2023 0:00,0.874821467,0.117,0.065
1/31/2023 1:00,0.090696785,0.116,0.065
1/31/2023 2:00,-6999,0.117,0.065
1/31/2023 3:00,-6999,0.117,0.065
1/31/2023 4:00,-6999,0.123,0.065
1/31/2023 5:00,0.035673084,0.125,0.065
1/31/2023 6:00,-6999,0.126,0.065
1/31/2023 7:00,-6999,0.127,0.065
1/31/2023 8:00,-6999,0.128,0.065
1/31/2023 9:00,4.164149573,0.13,0.065
1/31/2023 10:00,204.1388518,0.134,0.065
1/31/2023 11:00,209.117391,0.136,0.065
1/31/2023 12:00,19.15150968,0.13,0.065
1/31/2023 13:00,33.8273777,0.133,0.065
1/31/2023 14:00,32.27892763,0.139,0.065
1/31/2023 15:00,25.35530299,0.142,0.064
1/31/2023 16:00,6.500164808,0.142,0.064
1/31/2023 17:00,8.421823208,0.144,0.064
1/31/2023 18:00,5.496880459,0.138,0.064
1/31/2023 19:00,6.087687639,0.136,0.064
1/31/2023 20:00,8.062672655,0.132,0.063
1/31/2023 21:00,7.483260258,0.136,0.063
1/31/2023 22:00,4.585724251,0.134,0.063
1/31/2023 23:00,12.49686347,0.129,0.063
2/1/2023 0:00,7.483260258,0.128,0.063
2/1/2023 1:00,13.10777831,0.127,0.063
2/1/2023 2:00,8.181427921,0.127,0.063
2/1/2023 3:00,12.34665119,0.13,0.063
2/1/2023 4:00,8.666074686,0.134,0.063
2/1/2023 5:00,8.543466188,0.126,0.063
2/1/2023 6:00,4.76066799,0.124,0.063
2/1/2023 7:00,6.712024355,0.127,0.063
2/1/2023 8:00,13.10777831,0.13,0.063
2/1/2023 9:00,8.062672655,0.13,0.063
2/1/2023 10:00,6.927648317,0.131,0.063
2/1/2023 11:00,6.292056881,0.136,0.063
2/1/2023 12:00,6.712024355,0.135,0.063
2/1/2023 13:00,1.985092942,0.141,0.063
2/1/2023 14:00,2.829926034,0.155,0.063
2/1/2023 15:00,6.81936499,0.144,0.063
2/1/2023 16:00,12.64808104,0.142,0.063
2/1/2023 17:00,8.543466188,0.142,0.063
2/1/2023 18:00,10.34850287,0.137,0.063
2/1/2023 19:00,11.75582913,0.131,0.063
2/1/2023 20:00,3.921954779,0.129,0.063
2/1/2023 21:00,12.64808104,0.128,0.063
2/1/2023 22:00,5.213937987,0.128,0.063
2/1/2023 23:00,5.690112735,0.126,0.063
2/2/2023 0:00,5.121458553,0.123,0.063
2/2/2023 1:00,4.585724251,0.125,0.063
2/2/2023 2:00,6.292056881,0.128,0.063
2/2/2023 3:00,4.939241352,0.131,0.063
2/2/2023 4:00,4.499608999,0.129,0.063
2/2/2023 5:00,6.292056881,0.129,0.063
2/2/2023 6:00,5.401647217,0.13,0.063
2/2/2023 7:00,7.712158461,0.13,0.063
2/2/2023 8:00,6.81936499,0.13,0.063
2/2/2023 9:00,7.828039427,0.13,0.063
2/2/2023 10:00,8.181427921,0.137,0.063
2/2/2023 11:00,6.605624826,0.133,0.063
2/2/2023 12:00,7.483260258,0.129,0.063
2/2/2023 13:00,8.181427921,0.134,0.063
2/2/2023 14:00,6.292056881,0.151,0.063
2/2/2023 15:00,8.421823208,0.143,0.063
2/2/2023 16:00,14.21582778,0.14,0.063
2/2/2023 17:00,11.46641607,0.134,0.063
2/2/2023 18:00,3.764939399,0.136,0.063
2/2/2023 19:00,10.89953309,0.126,0.063
2/2/2023 20:00,6.292056881,0.126,0.063
2/2/2023 21:00,13.89416513,0.128,0.062
2/2/2023 22:00,4.41439574,0.128,0.062
2/2/2023 23:00,5.401647217,0.128,0.062
2/3/2023 0:00,9.813238331,0.128,0.062
2/3/2023 1:00,10.21321213,0.128,0.062
2/3/2023 2:00,9.293650854,0.128,0.062
2/3/2023 3:00,9.945581251,0.128,0.062
2/3/2023 4:00,9.422082907,0.129,0.062
2/3/2023 5:00,15.3738141,0.13,0.062
2/3/2023 6:00,8.789650163,0.134,0.062
2/3/2023 7:00,7.597232578,0.133,0.062
2/3/2023 8:00,14.54156697,0.133,0.062
2/3/2023 9:00,13.10777831,0.136,0.062
2/3/2023 10:00,8.301144278,0.141,0.062
2/3/2023 11:00,14.37818719,0.139,0.062
2/3/2023 12:00,6.087687639,0.143,0.061
2/3/2023 13:00,8.301144278,0.15,0.061
2/3/2023 14:00,7.036875913,0.143,0.061
2/3/2023 15:00,10.48477896,0.141,0.061
2/3/2023 16:00,6.927648317,0.142,0.061
2/3/2023 17:00,8.301144278,0.136,0.061
2/3/2023 18:00,5.496880459,0.135,0.061
2/3/2023 19:00,9.422082907,0.134,0.061
2/3/2023 20:00,10.89953309,0.137,0.061
2/3/2023 21:00,6.292056881,0.137,0.061
2/3/2023 22:00,9.293650854,0.137,0.061
2/3/2023 23:00,7.036875913,0.137,0.061
2/4/2023 0:00,13.41929303,0.137,0.061
2/4/2023 1:00,7.258170184,0.137,0.061
2/4/2023 2:00,8.666074686,0.137,0.061
2/4/2023 3:00,9.293650854,0.137,0.061
2/4/2023 4:00,12.19744292,0.137,0.061
2/4/2023 5:00,9.293650854,0.137,0.061
2/4/2023 6:00,18.21037576,0.138,0.061
2/4/2023 7:00,6.500164808,0.14,0.061
2/4/2023 8:00,11.32320443,0.141,0.061
2/4/2023 9:00,12.04923735,0.143,0.061
2/4/2023 10:00,10.48477896,0.145,0.061
2/4/2023 11:00,14.37818719,0.157,0.061
2/4/2023 12:00,12.34665119,0.158,0.061
2/4/2023 13:00,10.34850287,0.161,0.061
2/4/2023 14:00,8.789650163,0.178,0.061
2/4/2023 15:00,12.49686347,0.178,0.061
2/4/2023 16:00,4.41439574,0.18,0.061
2/4/2023 17:00,4.672743313,0.179,0.061
2/4/2023 18:00,11.75582913,0.176,0.061
2/4/2023 19:00,3.687760304,0.179,0.061
2/4/2023 20:00,7.147049349,0.187,0.061
2/4/2023 21:00,6.927648317,0.188,0.061
2/4/2023 22:00,11.46641607,0.19,0.061
2/4/2023 23:00,4.330082646,0.205,0.061
2/5/2023 0:00,16.23175213,0.21,0.061
2/5/2023 1:00,17.47630839,0.219,0.061
2/5/2023 2:00,18.5836826,0.225,0.061
2/5/2023 3:00,5.029893591,0.23,0.061
2/5/2023 4:00,9.166192983,0.241,0.061
2/5/2023 5:00,5.788115153,0.244,0.061
2/5/2023 6:00,10.62204179,0.247,0.061
2/5/2023 7:00,11.61062386,0.249,0.061
2/5/2023 8:00,9.681875235,0.259,0.061
2/5/2023 9:00,7.036875913,0.262,0.061
2/5/2023 10:00,4.246667874,0.276,0.061
2/5/2023 11:00,7.370239973,0.293,0.061
2/5/2023 12:00,14.0544875,0.314,0.061
2/5/2023 13:00,9.551490563,0.339,0.061
2/5/2023 14:00,5.593035066,0.331,0.061
2/5/2023 15:00,12.95353718,0.326,0.061
2/5/2023 16:00,22.34053143,0.294,0.061
2/5/2023 17:00,7.712158461,0.305,0.061
2/5/2023 18:00,9.813238331,0.324,0.061
2/5/2023 19:00,11.1809876,0.317,0.061
2/5/2023 20:00,12.04923735,0.32,0.061
2/5/2023 21:00,16.05810209,0.324,0.061
2/5/2023 22:00,6.927648317,0.333,0.061
2/5/2023 23:00,16.23175213,0.361,0.061
2/6/2023 0:00,4.939241352,0.374,0.061
2/6/2023 1:00,12.95353718,0.403,0.061
2/6/2023 2:00,10.21321213,0.424,0.061
2/6/2023 3:00,17.65825979,0.37,0.061
2/6/2023 4:00,14.37818719,0.46,0.061
2/6/2023 5:00,11.03976427,0.49,0.061
2/6/2023 6:00,8.062672655,0.534,0.061
2/6/2023 7:00,9.551490563,0.571,0.062
2/6/2023 8:00,8.543466188,0.609,0.062
2/6/2023 9:00,8.181427921,0.64,0.062
2/6/2023 10:00,8.789650163,0.685,0.062
2/6/2023 11:00,7.94487699,0.725,0.062
2/6/2023 12:00,6.087687639,0.774,0.062
2/6/2023 13:00,8.914194075,0.809,0.062
2/6/2023 14:00,17.29539871,0.838,0.062
2/6/2023 15:00,10.07890539,0.868,0.062
2/6/2023 16:00,15.03784075,0.879,0.062
2/6/2023 17:00,5.690112735,0.855,0.062
2/6/2023 18:00,11.03976427,0.871,0.062
2/6/2023 19:00,18.02529234,0.857,0.062
2/6/2023 20:00,7.370239973,0.88,0.062
2/6/2023 21:00,9.039707868,0.905,0.062
2/6/2023 22:00,8.181427921,0.913,0.062
2/6/2023 23:00,14.0544875,0.915,0.063
2/7/2023 0:00,11.1809876,0.927,0.063
2/7/2023 1:00,9.039707868,0.936,0.063
2/7/2023 2:00,8.914194075,0.952,0.063
2/7/2023 3:00,10.34850287,0.97,0.063
2/7/2023 4:00,6.292056881,0.97,0.063
2/7/2023 5:00,9.422082907,0.97,0.063
2/7/2023 6:00,7.94487699,0.952,0.063
2/7/2023 7:00,7.258170184,0.938,0.063
2/7/2023 8:00,4.41439574,0.909,0.063
2/7/2023 9:00,4.246667874,0.883,0.063
2/7/2023 10:00,5.401647217,0.875,0.063
2/7/2023 11:00,10.07890539,0.873,0.063
2/7/2023 12:00,12.04923735,0.878,0.063
2/7/2023 13:00,5.593035066,0.907,0.063
2/7/2023 14:00,11.90203319,0.965,0.063
2/7/2023 15:00,12.64808104,1.03,0.063
2/7/2023 16:00,4.939241352,1.066,0.063
2/7/2023 17:00,8.421823208,1.093,0.064
2/7/2023 18:00,6.292056881,1.093,0.064
2/7/2023 19:00,6.395642697,1.01,0.063
2/7/2023 20:00,11.03976427,1.062,0.063
2/7/2023 21:00,4.499608999,1.084,0.063
2/7/2023 22:00,18.96118358,1.103,0.063
2/7/2023 23:00,7.036875913,1.111,0.063
2/8/2023 0:00,10.34850287,1.127,0.064
2/8/2023 1:00,12.64808104,1.143,0.064
2/8/2023 2:00,15.03784075,1.138,0.064
2/8/2023 3:00,9.422082907,1.158,0.064
2/8/2023 4:00,10.07890539,1.174,0.064
2/8/2023 5:00,16.40643577,1.152,0.064
2/8/2023 6:00,12.04923735,1.181,0.064
2/8/2023 7:00,12.34665119,1.182,0.064
2/8/2023 8:00,9.945581251,1.17,0.064
2/8/2023 9:00,7.828039427,1.161,0.064
2/8/2023 10:00,8.301144278,1.143,0.063
2/8/2023 11:00,14.37818719,1.12,0.063
2/8/2023 12:00,8.421823208,1.145,0.063
2/8/2023 13:00,12.34665119,1.169,0.064
2/8/2023 14:00,5.307333632,1.219,0.064
2/8/2023 15:00,7.712158461,1.234,0.064
2/8/2023 16:00,8.421823208,1.274,0.064
2/8/2023 17:00,4.849500075,1.297,0.064
2/8/2023 18:00,10.89953309,1.279,0.064
2/8/2023 19:00,3.764939399,1.259,0.064
2/8/2023 20:00,3.843003581,1.22,0.064
2/8/2023 21:00,5.887044,1.181,0.064
2/8/2023 22:00,6.927648317,1.125,0.064
2/8/2023 23:00,8.421823208,1.055,0.064
2/9/2023 0:00,5.029893591,0.987,0.063
2/9/2023 1:00,9.166192983,0.906,0.063
2/9/2023 2:00,7.483260258,0.826,0.063
2/9/2023 3:00,10.21321213,0.743,0.063
2/9/2023 4:00,5.401647217,0.659,0.063
2/9/2023 5:00,9.681875235,0.574,0.063
2/9/2023 6:00,3.101954432,0.488,0.063
2/9/2023 7:00,3.764939399,0.411,0.063
2/9/2023 8:00,3.843003581,0.344,0.063
2/9/2023 9:00,8.421823208,0.284,0.063
2/9/2023 10:00,5.496880459,0.247,0.063
2/9/2023 11:00,6.927648317,0.226,0.063
2/9/2023 12:00,9.551490563,0.223,0.063
2/9/2023 13:00,6.500164808,0.25,0.063
2/9/2023 14:00,10.07890539,0.287,0.063
2/9/2023 15:00,5.121458553,0.292,0.063
2/9/2023 16:00,7.147049349,0.31,0.063
2/9/2023 17:00,4.41439574,0.326,0.063
2/9/2023 18:00,4.672743313,0.372,0.063
2/9/2023 19:00,6.712024355,0.383,0.063
2/9/2023 20:00,5.887044,0.412,0.063
2/9/2023 21:00,3.172124005,0.426,0.063
2/9/2023 22:00,7.828039427,0.424,0.063
2/9/2023 23:00,5.593035066,0.42,0.063
2/10/2023 0:00,13.89416513,0.417,0.063
2/10/2023 1:00,3.172124005,0.423,0.063
2/10/2023 2:00,5.690112735,0.428,0.063
2/10/2023 3:00,16.40643577,0.415,0.063
2/10/2023 4:00,5.213937987,0.414,0.063
2/10/2023 5:00,9.813238331,0.407,0.063
2/10/2023 6:00,11.32320443,0.377,0.063
2/10/2023 7:00,7.94487699,0.356,0.063
2/10/2023 8:00,5.986900942,0.346,0.063
2/10/2023 9:00,6.395642697,0.326,0.063
2/10/2023 10:00,9.422082907,0.31,0.063
2/10/2023 11:00,12.34665119,0.322,0.063
2/10/2023 12:00,4.082525878,0.319,0.063
2/10/2023 13:00,5.213937987,0.354,0.063
2/10/2023 14:00,7.258170184,0.387,0.063
2/10/2023 15:00,11.75582913,0.425,0.063
2/10/2023 16:00,9.039707868,0.434,0.063
2/10/2023 17:00,5.401647217,0.488,0.063
2/10/2023 18:00,10.62204179,0.486,0.063
2/10/2023 19:00,10.62204179,0.55,0.063
2/10/2023 20:00,4.939241352,0.577,0.063
2/10/2023 21:00,11.61062386,0.593,0.063
2/10/2023 22:00,7.828039427,0.557,0.063
2/10/2023 23:00,12.64808104,0.52,0.063
2/11/2023 0:00,11.03976427,0.525,0.063
2/11/2023 1:00,12.34665119,0.536,0.063
2/11/2023 2:00,13.57656914,0.538,0.063
2/11/2023 3:00,10.21321213,0.523,0.063
2/11/2023 4:00,4.849500075,0.506,0.063
2/11/2023 5:00,4.41439574,0.464,0.063
2/11/2023 6:00,4.330082646,0.421,0.063
2/11/2023 7:00,8.062672655,0.389,0.063
2/11/2023 8:00,2.964214433,0.35,0.063
2/11/2023 9:00,4.082525878,0.324,0.063
2/11/2023 10:00,1.135965165,0.293,0.063
2/11/2023 11:00,12.95353718,0.286,0.063
2/11/2023 12:00,6.605624826,0.323,0.063
2/11/2023 13:00,3.243162712,0.375,0.063
2/11/2023 14:00,5.690112735,0.452,0.063
2/11/2023 15:00,10.76029271,0.482,0.063
2/11/2023 16:00,2.209655196,0.54,0.063
2/11/2023 17:00,3.032651934,0.581,0.063
2/11/2023 18:00,3.764939399,0.617,0.063
2/11/2023 19:00,1.931025721,0.646,0.063
2/11/2023 20:00,4.164149573,0.634,0.063
2/11/2023 21:00,3.387855702,0.639,0.063
2/11/2023 22:00,2.209655196,0.591,0.063
2/11/2023 23:00,2.896639836,0.51,0.063
2/12/2023 0:00,3.536049584,0.518,0.063
2/12/2023 1:00,3.461514029,0.51,0.063
2/12/2023 2:00,2.095710633,0.475,0.063
2/12/2023 3:00,4.41439574,0.437,0.063
2/12/2023 4:00,3.387855702,0.383,0.063
2/12/2023 5:00,2.209655196,0.35,0.063
2/12/2023 6:00,1.985092942,0.307,0.063
2/12/2023 7:00,3.536049584,0.271,0.063
2/12/2023 8:00,1.722977578,0.233,0.063
2/12/2023 9:00,3.461514029,0.208,0.063
2/12/2023 10:00,2.509193909,0.186,0.063
2/12/2023 11:00,1.345815998,0.178,0.063
2/12/2023 12:00,0.807078147,0.181,0.063
2/12/2023 13:00,6.395642697,0.195,0.063
2/12/2023 14:00,4.672743313,0.225,0.063
2/12/2023 15:00,3.387855702,0.238,0.063
2/12/2023 16:00,2.764070899,0.255,0.063
2/12/2023 17:00,2.095710633,0.268,0.063
2/12/2023 18:00,4.082525878,0.273,0.063
2/12/2023 19:00,4.76066799,0.296,0.063
2/12/2023 20:00,0.98212972,0.311,0.063
2/12/2023 21:00,5.788115153,0.333,0.063
2/12/2023 22:00,7.036875913,0.327,0.063
2/12/2023 23:00,8.914194075,0.273,0.063
2/13/2023 0:00,3.387855702,0.291,0.063
2/13/2023 1:00,3.611464351,0.316,0.063
2/13/2023 2:00,4.246667874,0.304,0.063
2/13/2023 3:00,1.176365093,0.3,0.063
2/13/2023 4:00,4.672743313,0.283,0.063
2/13/2023 5:00,5.029893591,0.256,0.063
2/13/2023 6:00,3.387855702,0.238,0.063
2/13/2023 7:00,7.147049349,0.214,0.063
2/13/2023 8:00,1.575503488,0.2,0.063
2/13/2023 9:00,3.921954779,0.205,0.063
2/13/2023 10:00,5.307333632,0.219,0.063
2/13/2023 11:00,4.00179491,0.239,0.063
2/13/2023 12:00,3.611464351,0.27,0.063
2/13/2023 13:00,6.927648317,0.34,0.063
2/13/2023 14:00,4.76066799,0.389,0.063
2/13/2023 15:00,4.41439574,0.481,0.063
2/13/2023 16:00,7.828039427,0.494,0.063
2/13/2023 17:00,10.34850287,0.49,0.063
2/13/2023 18:00,5.887044,0.558,0.063
2/13/2023 19:00,6.81936499,0.558,0.063
2/13/2023 20:00,4.41439574,0.584,0.063
2/13/2023 21:00,6.712024355,0.633,0.063
2/13/2023 22:00,6.927648317,0.563,0.063
2/13/2023 23:00,15.03784075,0.567,0.063
2/14/2023 0:00,5.690112735,0.594,0.063
2/14/2023 1:00,7.483260258,0.647,0.063
2/14/2023 2:00,6.087687639,0.69,0.063
2/14/2023 3:00,11.03976427,0.714,0.063
2/14/2023 4:00,3.536049584,0.722,0.063
2/14/2023 5:00,2.386850853,0.705,0.063
2/14/2023 6:00,4.76066799,0.678,0.063
2/14/2023 7:00,2.571635982,0.681,0.063
2/14/2023 8:00,3.764939399,0.699,0.063
2/14/2023 9:00,5.593035066,0.703,0.063
2/14/2023 10:00,3.032651934,0.709,0.063
2/14/2023 11:00,5.496880459,0.709,0.063
2/14/2023 12:00,5.213937987,0.726,0.063
2/14/2023 13:00,4.585724251,0.761,0.063
2/14/2023 14:00,5.213937987,0.784,0.063
2/14/2023 15:00,6.395642697,0.822,0.063
2/14/2023 16:00,5.213937987,0.842,0.063
2/14/2023 17:00,6.292056881,0.824,0.063
2/14/2023 18:00,6.500164808,0.831,0.063
2/14/2023 19:00,5.401647217,0.821,0.063
2/14/2023 20:00,2.267880928,0.816,0.063
2/14/2023 21:00,6.81936499,0.817,0.063
2/14/2023 22:00,4.939241352,0.82,0.063
2/14/2023 23:00,5.307333632,0.801,0.063
2/15/2023 0:00,5.121458553,0.775,0.063
2/15/2023 1:00,6.927648317,0.749,0.063
2/15/2023 2:00,3.611464351,0.731,0.063
2/15/2023 3:00,6.927648317,0.701,0.063
2/15/2023 4:00,6.712024355,0.676,0.063
2/15/2023 5:00,5.887044,0.64,0.063
2/15/2023 6:00,6.189405738,0.612,0.063
2/15/2023 7:00,5.593035066,0.581,0.063
2/15/2023 8:00,5.887044,0.545,0.063
2/15/2023 9:00,3.101954432,0.501,0.063
2/15/2023 10:00,1.390155589,0.459,0.063
2/15/2023 11:00,2.896639836,0.428,0.063
2/15/2023 12:00,4.41439574,0.42,0.063
2/15/2023 13:00,4.672743313,0.443,0.063
2/15/2023 14:00,5.986900942,0.468,0.063
2/15/2023 15:00,10.48477896,0.482,0.063
2/15/2023 16:00,2.571635982,0.512,0.063
2/15/2023 17:00,4.849500075,0.531,0.063
2/15/2023 18:00,10.48477896,0.559,0.063
2/15/2023 19:00,4.499608999,0.563,0.063
2/15/2023 20:00,4.76066799,0.556,0.063
2/15/2023 21:00,4.00179491,0.549,0.063
2/15/2023 22:00,8.181427921,0.521,0.063
2/15/2023 23:00,3.687760304,0.515,0.063
2/16/2023 0:00,8.062672655,0.498,0.063
2/16/2023 1:00,2.964214433,0.472,0.063
2/16/2023 2:00,3.461514029,0.437,0.063
2/16/2023 3:00,8.914194075,0.398,0.063
2/16/2023 4:00,6.292056881,0.359,0.063
2/16/2023 5:00,3.687760304,0.33,0.063
2/16/2023 6:00,1.435291443,0.303,0.063
2/16/2023 7:00,3.687760304,0.273,0.063
2/16/2023 8:00,3.172124005,0.25,0.063
2/16/2023 9:00,2.447599611,0.238,0.063
2/16/2023 10:00,4.939241352,0.221,0.063
2/16/2023 11:00,1.259514632,0.214,0.063
2/16/2023 12:00,3.764939399,0.219,0.063
2/16/2023 13:00,4.849500075,0.247,0.063
2/16/2023 14:00,5.401647217,0.278,0.063
2/16/2023 15:00,3.101954432,0.292,0.063
2/16/2023 16:00,2.447599611,0.302,0.063
2/16/2023 17:00,7.483260258,0.313,0.063
2/16/2023 18:00,2.152265875,0.32,0.063
2/16/2023 19:00,7.597232578,0.32,0.063
2/16/2023 20:00,4.672743313,0.312,0.063
2/16/2023 21:00,12.80030518,0.336,0.063
2/16/2023 22:00,2.896639836,0.348,0.063
2/16/2023 23:00,7.94487699,0.339,0.063
2/17/2023 0:00,7.828039427,0.334,0.063
2/17/2023 1:00,6.605624826,0.327,0.063
2/17/2023 2:00,3.611464351,0.312,0.063
2/17/2023 3:00,9.813238331,0.294,0.063
2/17/2023 4:00,7.483260258,0.279,0.063
2/17/2023 5:00,12.80030518,0.255,0.063
2/17/2023 6:00,4.330082646,0.237,0.063
2/17/2023 7:00,4.164149573,0.217,0.063
2/17/2023 8:00,8.666074686,0.204,0.063
2/17/2023 9:00,3.101954432,0.193,0.063
2/17/2023 10:00,4.41439574,0.184,0.063
2/17/2023 11:00,5.593035066,0.179,0.063
2/17/2023 12:00,3.172124005,0.194,0.063
2/17/2023 13:00,7.258170184,0.225,0.063
2/17/2023 14:00,9.166192983,0.251,0.063
2/17/2023 15:00,3.921954779,0.265,0.063
2/17/2023 16:00,8.181427921,0.264,0.063
2/17/2023 17:00,6.927648317,0.242,0.063
2/17/2023 18:00,9.166192983,0.244,0.063
2/17/2023 19:00,10.21321213,0.244,0.063
2/17/2023 20:00,4.672743313,0.243,0.063
2/17/2023 21:00,8.914194075,0.258,0.063
2/17/2023 22:00,7.712158461,0.262,0.063
2/17/2023 23:00,7.258170184,0.254,0.063
2/18/2023 0:00,4.672743313,0.244,0.063
2/18/2023 1:00,2.964214433,0.238,0.063
2/18/2023 2:00,5.496880459,0.222,0.063
2/18/2023 3:00,7.483260258,0.216,0.063
2/18/2023 4:00,6.189405738,0.2,0.063
2/18/2023 5:00,8.062672655,0.189,0.063
2/18/2023 6:00,7.597232578,0.182,0.063
2/18/2023 7:00,7.370239973,0.18,0.063
2/18/2023 8:00,5.887044,0.176,0.063
2/18/2023 9:00,5.213937987,0.18,0.063
2/18/2023 10:00,5.986900942,0.195,0.063
2/18/2023 11:00,11.61062386,0.217,0.063
2/18/2023 12:00,7.597232578,0.255,0.063
2/18/2023 13:00,8.666074686,0.291,0.063
2/18/2023 14:00,4.849500075,0.31,0.063
2/18/2023 15:00,5.788115153,0.318,0.063
2/18/2023 16:00,7.597232578,0.354,0.063
2/18/2023 17:00,9.551490563,0.38,0.063
2/18/2023 18:00,8.181427921,0.387,0.063
2/18/2023 19:00,9.681875235,0.414,0.063
2/18/2023 20:00,5.986900942,0.465,0.063
2/18/2023 21:00,18.77190826,0.494,0.063
2/18/2023 22:00,9.551490563,0.516,0.063
2/18/2023 23:00,8.421823208,0.541,0.063
2/19/2023 0:00,18.39650547,0.537,0.063
2/19/2023 1:00,6.605624826,0.52,0.063
2/19/2023 2:00,5.887044,0.518,0.063
2/19/2023 3:00,7.036875913,0.514,0.063
2/19/2023 4:00,6.395642697,0.499,0.063
2/19/2023 5:00,8.543466188,0.513,0.063
2/19/2023 6:00,5.496880459,0.516,0.063
2/19/2023 7:00,13.26302984,0.503,0.063
2/19/2023 8:00,4.00179491,0.493,0.063
2/19/2023 9:00,9.551490563,0.474,0.063
2/19/2023 10:00,4.499608999,0.476,0.063
2/19/2023 11:00,3.243162712,0.485,0.063
2/19/2023 12:00,4.849500075,0.532,0.063
2/19/2023 13:00,5.788115153,0.597,0.063
2/19/2023 14:00,3.687760304,0.651,0.063
2/19/2023 15:00,7.828039427,0.7,0.063
2/19/2023 16:00,6.087687639,0.732,0.063
2/19/2023 17:00,7.370239973,0.768,0.063
2/19/2023 18:00,5.986900942,0.765,0.063
2/19/2023 19:00,4.499608999,0.798,0.063
2/19/2023 20:00,7.712158461,0.804,0.063
2/19/2023 21:00,7.036875913,0.81,0.063
2/19/2023 22:00,11.46641607,0.783,0.063
2/19/2023 23:00,5.029893591,0.818,0.063
2/20/2023 0:00,8.062672655,0.86,0.063
2/20/2023 1:00,11.46641607,0.894,0.064
2/20/2023 2:00,7.712158461,0.918,0.064
2/20/2023 3:00,9.422082907,0.937,0.064
2/20/2023 4:00,9.422082907,0.953,0.064
2/20/2023 5:00,12.49686347,0.969,0.064
2/20/2023 6:00,6.927648317,0.98,0.064
2/20/2023 7:00,1.825362423,0.988,0.064
2/20/2023 8:00,7.370239973,0.999,0.064
2/20/2023 9:00,4.585724251,1.012,0.064
2/20/2023 10:00,1.390155589,1.032,0.064
2/20/2023 11:00,6.81936499,1.058,0.064
2/20/2023 12:00,9.293650854,1.075,0.064
2/20/2023 13:00,13.41929303,1.117,0.064
2/20/2023 14:00,4.499608999,1.078,0.064
2/20/2023 15:00,7.712158461,1.125,0.064
2/20/2023 16:00,5.496880459,1.035,0.063
2/20/2023 17:00,12.19744292,1.083,0.063
2/20/2023 18:00,18.02529234,1.086,0.063
2/20/2023 19:00,13.26302984,0.961,0.063
2/20/2023 20:00,8.181427921,0.941,0.063
2/20/2023 21:00,12.64808104,0.642,0.062
2/20/2023 22:00,13.26302984,0.799,0.062
2/20/2023 23:00,11.46641607,0.881,0.062
2/21/2023 0:00,12.34665119,0.933,0.063
2/21/2023 1:00,12.34665119,0.981,0.063
2/21/2023 2:00,10.62204179,1.01,0.063
2/21/2023 3:00,12.64808104,1.033,0.063
2/21/2023 4:00,5.496880459,1.051,0.063
2/21/2023 5:00,15.3738141,1.048,0.063
2/21/2023 6:00,9.813238331,0.96,0.063
2/21/2023 7:00,13.73485942,1.048,0.063
2/21/2023 8:00,17.65825979,1.104,0.063
2/21/2023 9:00,14.21582778,1.125,0.063
2/21/2023 10:00,8.181427921,1.148,0.063
2/21/2023 11:00,22.75831547,1.169,0.063
2/21/2023 12:00,4.164149573,1.129,0.063
2/21/2023 13:00,7.483260258,1.14,0.063
2/21/2023 14:00,15.71389802,1.156,0.063
2/21/2023 15:00,11.46641607,1.172,0.063
2/21/2023 16:00,7.370239973,1.158,0.063
2/21/2023 17:00,8.543466188,1.168,0.063
2/21/2023 18:00,7.370239973,1.151,0.063
2/21/2023 19:00,9.813238331,1.109,0.063
2/21/2023 20:00,5.213937987,1.072,0.063
2/21/2023 21:00,8.421823208,1.027,0.063
2/21/2023 22:00,4.164149573,0.973,0.063
2/21/2023 23:00,1.985092942,0.911,0.063
2/22/2023 0:00,10.07890539,0.845,0.063
2/22/2023 1:00,5.307333632,0.776,0.063
2/22/2023 2:00,6.927648317,0.701,0.063
2/22/2023 3:00,5.986900942,0.616,0.063
2/22/2023 4:00,4.939241352,0.533,0.063
2/22/2023 5:00,5.986900942,0.477,0.063
2/22/2023 6:00,9.551490563,0.445,0.063
2/22/2023 7:00,3.461514029,0.401,0.063
2/22/2023 8:00,4.164149573,0.371,0.063
2/22/2023 9:00,5.593035066,0.36,0.063
2/22/2023 10:00,3.315072601,0.335,0.063
2/22/2023 11:00,5.788115153,0.334,0.063
2/22/2023 12:00,4.672743313,0.384,0.063
2/22/2023 13:00,6.81936499,0.418,0.063
2/22/2023 14:00,219.2739284,0.475,0.063
2/22/2023 15:00,13.57656914,0.504,0.063
2/22/2023 16:00,6.087687639,0.512,0.063
2/22/2023 17:00,3.387855702,0.54,0.063
2/22/2023 18:00,1.985092942,0.559,0.063
2/22/2023 19:00,5.496880459,0.538,0.063
2/22/2023 20:00,5.496880459,0.493,0.063
2/22/2023 21:00,6.605624826,0.462,0.063
2/22/2023 22:00,7.036875913,0.321,0.062
2/22/2023 23:00,8.789650163,0.343,0.063
2/23/2023 0:00,3.687760304,0.35,0.063
2/23/2023 1:00,4.585724251,0.376,0.063
2/23/2023 2:00,6.81936499,0.375,0.063
2/23/2023 3:00,6.395642697,0.353,0.063
2/23/2023 4:00,3.172124005,0.31,0.063
2/23/2023 5:00,7.597232578,0.237,0.062
2/23/2023 6:00,4.499608999,0.192,0.062
2/23/2023 7:00,3.172124005,0.221,0.063
2/23/2023 8:00,5.401647217,0.25,0.063
2/23/2023 9:00,5.401647217,0.259,0.063
2/23/2023 10:00,3.101954432,0.288,0.063
2/23/2023 11:00,4.939241352,0.33,0.063
2/23/2023 12:00,3.843003581,0.367,0.063
2/23/2023 13:00,3.687760304,0.386,0.063
2/23/2023 14:00,10.62204179,0.394,0.063
2/23/2023 15:00,7.258170184,0.435,0.063
2/23/2023 16:00,2.326945383,0.456,0.063
2/23/2023 17:00,6.712024355,0.475,0.063
2/23/2023 18:00,12.49686347,0.469,0.063
2/23/2023 19:00,9.166192983,0.453,0.063
2/23/2023 20:00,2.386850853,0.432,0.063
2/23/2023 21:00,3.843003581,0.396,0.063
2/23/2023 22:00,2.447599611,0.366,0.063
2/23/2023 23:00,3.843003581,0.332,0.063
2/24/2023 0:00,4.585724251,0.299,0.063
2/24/2023 1:00,7.370239973,0.257,0.063
2/24/2023 2:00,3.101954432,0.217,0.063
2/24/2023 3:00,5.121458553,0.178,0.063
2/24/2023 4:00,4.499608999,0.167,0.063
2/24/2023 5:00,2.509193909,0.151,0.063
2/24/2023 6:00,5.496880459,0.142,0.063
2/24/2023 7:00,4.41439574,0.138,0.063
2/24/2023 8:00,2.386850853,0.129,0.063
2/24/2023 9:00,5.307333632,0.138,0.063
2/24/2023 10:00,2.039987113,0.161,0.063
2/24/2023 11:00,3.536049584,0.18,0.063
2/24/2023 12:00,3.843003581,0.21,0.063
2/24/2023 13:00,5.213937987,0.251,0.063
2/24/2023 14:00,4.330082646,0.279,0.063
2/24/2023 15:00,5.029893591,0.303,0.063
2/24/2023 16:00,5.213937987,0.308,0.063
2/24/2023 17:00,5.593035066,0.31,0.063
2/24/2023 18:00,3.764939399,0.31,0.063
2/24/2023 19:00,5.121458553,0.315,0.063
2/24/2023 20:00,5.213937987,0.318,0.063
2/24/2023 21:00,11.32320443,0.314,0.063
2/24/2023 22:00,3.387855702,0.311,0.063
2/24/2023 23:00,2.829926034,0.31,0.063
2/25/2023 0:00,6.605624826,0.291,0.063
2/25/2023 1:00,5.593035066,0.267,0.063
2/25/2023 2:00,8.666074686,0.239,0.063
2/25/2023 3:00,5.788115153,0.215,0.063
2/25/2023 4:00,9.945581251,0.199,0.063
2/25/2023 5:00,3.764939399,0.182,0.063
2/25/2023 6:00,2.571635982,0.17,0.063
2/25/2023 7:00,2.964214433,0.167,0.063
2/25/2023 8:00,4.41439574,0.164,0.063
2/25/2023 9:00,2.209655196,0.165,0.063
2/25/2023 10:00,2.095710633,0.167,0.063
2/25/2023 11:00,2.699072289,0.191,0.063
2/25/2023 12:00,6.500164808,0.224,0.063
2/25/2023 13:00,4.246667874,0.271,0.063
2/25/2023 14:00,7.147049349,0.318,0.063
2/25/2023 15:00,5.029893591,0.337,0.063
2/25/2023 16:00,7.597232578,0.347,0.063
2/25/2023 17:00,9.945581251,0.354,0.063
2/25/2023 18:00,11.1809876,0.379,0.063
2/25/2023 19:00,6.927648317,0.388,0.063
2/25/2023 20:00,8.421823208,0.366,0.063
2/25/2023 21:00,8.543466188,0.335,0.062
2/25/2023 22:00,7.258170184,0.346,0.062
2/25/2023 23:00,11.75582913,0.332,0.062
2/26/2023 0:00,9.813238331,0.355,0.062
2/26/2023 1:00,6.189405738,0.383,0.063
2/26/2023 2:00,7.147049349,0.42,0.063
2/26/2023 3:00,8.181427921,0.428,0.063
2/26/2023 4:00,3.172124005,0.44,0.063
2/26/2023 5:00,6.712024355,0.46,0.063
2/26/2023 6:00,7.258170184,0.467,0.063
2/26/2023 7:00,3.536049584,0.483,0.063
2/26/2023 8:00,9.551490563,0.509,0.063
2/26/2023 9:00,4.00179491,0.542,0.063
2/26/2023 10:00,13.41929303,0.59,0.063
2/26/2023 11:00,3.687760304,0.632,0.063
2/26/2023 12:00,6.292056881,0.629,0.063
2/26/2023 13:00,7.712158461,0.628,0.063
2/26/2023 14:00,6.292056881,0.66,0.063
2/26/2023 15:00,3.764939399,0.612,0.063
2/26/2023 16:00,10.76029271,0.643,0.063
2/26/2023 17:00,8.181427921,0.619,0.063
2/26/2023 18:00,18.5836826,0.583,0.063
2/26/2023 19:00,8.181427921,0.409,0.062
2/26/2023 20:00,4.00179491,0.432,0.062
2/26/2023 21:00,4.499608999,0.529,0.062
2/26/2023 22:00,5.986900942,0.551,0.063
2/26/2023 23:00,5.401647217,0.511,0.062
2/27/2023 0:00,7.483260258,0.446,0.062
2/27/2023 1:00,8.181427921,0.474,0.062
2/27/2023 2:00,6.927648317,0.454,0.062
2/27/2023 3:00,6.81936499,0.341,0.062
2/27/2023 4:00,7.828039427,0.38,0.062
2/27/2023 5:00,9.813238331,0.383,0.062
2/27/2023 6:00,6.605624826,0.396,0.062
2/27/2023 7:00,1.435291443,0.4,0.062
2/27/2023 8:00,6.189405738,0.405,0.063
2/27/2023 9:00,5.029893591,0.428,0.063
2/27/2023 10:00,4.672743313,0.454,0.063
2/27/2023 11:00,9.945581251,0.484,0.063
2/27/2023 12:00,4.246667874,0.522,0.063
2/27/2023 13:00,7.036875913,0.535,0.063
2/27/2023 14:00,5.593035066,0.589,0.063
2/27/2023 15:00,5.401647217,0.627,0.063
2/27/2023 16:00,6.927648317,0.67,0.063
2/27/2023 17:00,4.41439574,0.714,0.063
2/27/2023 18:00,3.764939399,0.713,0.063
2/27/2023 19:00,3.687760304,0.738,0.063
2/27/2023 20:00,8.789650163,0.637,0.063
2/27/2023 21:00,8.789650163,0.376,0.062
2/27/2023 22:00,4.246667874,0.563,0.063
2/27/2023 23:00,8.421823208,0.566,0.063
2/28/2023 0:00,5.986900942,0.579,0.063
2/28/2023 1:00,11.90203319,0.573,0.063
2/28/2023 2:00,9.945581251,0.568,0.063
2/28/2023 3:00,13.73485942,0.379,0.062
2/28/2023 4:00,10.34850287,0.282,0.062
2/28/2023 5:00,11.1809876,0.374,0.062
2/28/2023 6:00,12.34665119,0.456,0.062
2/28/2023 7:00,5.986900942,0.506,0.062
2/28/2023 8:00,9.813238331,0.54,0.062
2/28/2023 9:00,5.788115153,0.565,0.063
2/28/2023 10:00,10.07890539,0.604,0.063
2/28/2023 11:00,7.036875913,0.622,0.063
2/28/2023 12:00,10.34850287,0.659,0.063
2/28/2023 13:00,5.029893591,0.707,0.063
2/28/2023 14:00,15.3738141,0.729,0.063
2/28/2023 15:00,8.666074686,0.77,0.063
2/28/2023 16:00,8.421823208,0.795,0.063
2/28/2023 17:00,17.1155296,0.79,0.063
2/28/2023 18:00,12.49686347,0.81,0.063
2/28/2023 19:00,6.927648317,0.814,0.063
2/28/2023 20:00,8.543466188,0.797,0.063
2/28/2023 21:00,7.94487699,0.783,0.063
2/28/2023 22:00,4.330082646,0.751,0.063
2/28/2023 23:00,12.04923735,0.738,0.063
3/1/2023 0:00,11.90203319,0.724,0.063
3/1/2023 1:00,10.76029271,0.7,0.063
3/1/2023 2:00,4.76066799,0.7,0.063
3/1/2023 3:00,4.00179491,0.692,0.063
3/1/2023 4:00,3.461514029,0.68,0.063
3/1/2023 5:00,9.422082907,0.68,0.063
3/1/2023 6:00,6.500164808,0.682,0.063
3/1/2023 7:00,7.828039427,0.682,0.063
3/1/2023 8:00,3.764939399,0.672,0.063
3/1/2023 9:00,3.921954779,0.686,0.063
3/1/2023 10:00,4.76066799,0.658,0.063
3/1/2023 11:00,2.964214433,0.693,0.063
3/1/2023 12:00,13.41929303,0.706,0.063
3/1/2023 13:00,12.95353718,0.729,0.063
3/1/2023 14:00,10.07890539,0.738,0.063
3/1/2023 15:00,7.597232578,0.771,0.063
3/1/2023 16:00,9.293650854,0.791,0.063
3/1/2023 17:00,8.181427921,0.775,0.063
3/1/2023 18:00,9.551490563,0.795,0.063
3/1/2023 19:00,23.18038486,0.783,0.063
3/1/2023 20:00,8.181427921,0.767,0.063
3/1/2023 21:00,15.3738141,0.739,0.063
3/1/2023 22:00,11.1809876,0.724,0.063
3/1/2023 23:00,9.945581251,0.701,0.063
3/2/2023 0:00,7.036875913,0.639,0.063
3/2/2023 1:00,6.81936499,0.566,0.063
3/2/2023 2:00,9.945581251,0.507,0.063
3/2/2023 3:00,6.292056881,0.453,0.063
3/2/2023 4:00,7.036875913,0.399,0.063
3/2/2023 5:00,7.828039427,0.342,0.063
3/2/2023 6:00,8.062672655,0.297,0.063
3/2/2023 7:00,3.764939399,0.265,0.063
3/2/2023 8:00,9.293650854,0.242,0.063
3/2/2023 9:00,10.76029271,0.246,0.063
3/2/2023 10:00,11.90203319,0.311,0.063
3/2/2023 11:00,5.307333632,0.371,0.063
3/2/2023 12:00,5.213937987,0.442,0.063
3/2/2023 13:00,7.712158461,0.504,0.064
3/2/2023 14:00,4.939241352,0.543,0.064
3/2/2023 15:00,9.039707868,0.568,0.064
3/2/2023 16:00,5.121458553,0.612,0.064
3/2/2023 17:00,8.062672655,0.661,0.064
3/2/2023 18:00,11.1809876,0.691,0.064
3/2/2023 19:00,6.395642697,0.699,0.064
3/2/2023 20:00,9.166192983,0.702,0.064
3/2/2023 21:00,6.087687639,0.725,0.064
3/2/2023 22:00,2.571635982,0.744,0.064
3/2/2023 23:00,6.927648317,0.761,0.064
3/3/2023 0:00,0.650814402,0.776,0.064
3/3/2023 1:00,9.166192983,0.76,0.064
3/3/2023 2:00,5.401647217,0.739,0.064
3/3/2023 3:00,6.395642697,0.751,0.064
3/3/2023 4:00,13.10777831,0.756,0.064
3/3/2023 5:00,0.774335521,0.749,0.064
3/3/2023 6:00,4.76066799,0.738,0.064
3/3/2023 7:00,1.435291443,0.725,0.064
3/3/2023 8:00,4.246667874,0.687,0.064
3/3/2023 9:00,4.672743313,0.669,0.064
3/3/2023 10:00,4.672743313,0.668,0.064
3/3/2023 11:00,5.986900942,0.68,0.064
3/3/2023 12:00,5.401647217,0.723,0.064
3/3/2023 13:00,2.896639836,0.761,0.064
3/3/2023 14:00,1.877783029,0.774,0.064
3/3/2023 15:00,5.496880459,0.814,0.064
3/3/2023 16:00,3.536049584,0.851,0.064
3/3/2023 17:00,3.243162712,0.86,0.064
3/3/2023 18:00,3.764939399,0.884,0.064
3/3/2023 19:00,9.166192983,0.876,0.064
3/3/2023 20:00,13.41929303,0.824,0.064
3/3/2023 21:00,6.189405738,0.78,0.064
3/3/2023 22:00,3.315072601,0.746,0.064
3/3/2023 23:00,5.788115153,0.684,0.064
3/4/2023 0:00,9.293650854,0.601,0.064
3/4/2023 1:00,6.395642697,0.531,0.063
3/4/2023 2:00,6.087687639,0.491,0.063
3/4/2023 3:00,2.209655196,0.457,0.063
3/4/2023 4:00,1.985092942,0.424,0.063
3/4/2023 5:00,3.843003581,0.396,0.063
3/4/2023 6:00,2.764070899,0.365,0.063
3/4/2023 7:00,9.813238331,0.351,0.063
3/4/2023 8:00,1.673008332,0.347,0.063
3/4/2023 9:00,2.829926034,0.388,0.063
3/4/2023 10:00,6.395642697,0.442,0.064
3/4/2023 11:00,3.921954779,0.47,0.063
3/4/2023 12:00,2.829926034,0.541,0.064
3/4/2023 13:00,3.687760304,0.626,0.064
3/4/2023 14:00,4.41439574,0.67,0.064
3/4/2023 15:00,3.461514029,0.732,0.064
3/4/2023 16:00,5.213937987,0.782,0.064
3/4/2023 17:00,11.03976427,0.818,0.064
3/4/2023 18:00,4.499608999,0.838,0.064
3/4/2023 19:00,5.593035066,0.826,0.064
3/4/2023 20:00,5.986900942,0.814,0.064
3/4/2023 21:00,2.447599611,0.798,0.064
3/4/2023 22:00,7.483260258,0.809,0.064
3/4/2023 23:00,2.509193909,0.795,0.064
3/5/2023 0:00,8.181427921,0.729,0.063
3/5/2023 1:00,6.087687639,0.421,0.063
3/5/2023 2:00,6.712024355,0.174,0.062
3/5/2023 3:00,5.887044,0.205,0.062
3/5/2023 4:00,2.699072289,0.348,0.062
3/5/2023 5:00,3.387855702,0.444,0.063
3/5/2023 6:00,1.390155589,0.463,0.063
3/5/2023 7:00,0.539046284,0.437,0.063
3/5/2023 8:00,1.135965165,0.385,0.062
3/5/2023 9:00,3.387855702,0.334,0.062
3/5/2023 10:00,6.605624826,0.284,0.062
3/5/2023 11:00,6.81936499,0.279,0.062
3/5/2023 12:00,5.887044,0.277,0.062
3/5/2023 13:00,7.258170184,0.223,0.062
3/5/2023 14:00,6.395642697,0.223,0.062
3/5/2023 15:00,8.666074686,0.242,0.062
3/5/2023 16:00,13.26302984,0.251,0.062
3/5/2023 17:00,5.496880459,0.279,0.062
3/5/2023 18:00,7.370239973,0.281,0.062
3/5/2023 19:00,11.03976427,0.198,0.061
3/5/2023 20:00,3.032651934,0.207,0.061
3/5/2023 21:00,4.00179491,0.298,0.062
3/5/2023 22:00,10.76029271,0.321,0.062
3/5/2023 23:00,10.76029271,0.324,0.062
3/6/2023 0:00,5.496880459,0.356,0.062
3/6/2023 1:00,5.690112735,0.357,0.062
3/6/2023 2:00,3.843003581,0.33,0.062
3/6/2023 3:00,7.483260258,0.291,0.062
3/6/2023 4:00,4.246667874,0.266,0.062
3/6/2023 5:00,3.387855702,0.249,0.062
3/6/2023 6:00,5.986900942,0.258,0.062
3/6/2023 7:00,6.81936499,0.275,0.062
3/6/2023 8:00,4.76066799,0.296,0.062
3/6/2023 9:00,4.41439574,0.336,0.062
3/6/2023 10:00,6.292056881,0.392,0.063
3/6/2023 11:00,2.267880928,0.446,0.063
3/6/2023 12:00,5.213937987,0.518,0.063
3/6/2023 13:00,4.76066799,0.566,0.063
3/6/2023 14:00,3.536049584,0.603,0.063
3/6/2023 15:00,11.61062386,0.645,0.063
3/6/2023 16:00,3.764939399,0.677,0.063
3/6/2023 17:00,5.788115153,0.687,0.063
3/6/2023 18:00,6.395642697,0.645,0.063
3/6/2023 19:00,8.062672655,0.616,0.063
3/6/2023 20:00,2.829926034,0.566,0.063
3/6/2023 21:00,3.172124005,0.523,0.063
3/6/2023 22:00,3.611464351,0.464,0.063
3/6/2023 23:00,3.764939399,0.399,0.063
3/7/2023 0:00,4.939241352,0.34,0.063
3/7/2023 1:00,8.914194075,0.28,0.063
3/7/2023 2:00,6.500164808,0.227,0.063
3/7/2023 3:00,7.147049349,0.193,0.063
3/7/2023 4:00,7.036875913,0.171,0.063
3/7/2023 5:00,6.712024355,0.175,0.063
3/7/2023 6:00,4.330082646,0.184,0.063
3/7/2023 7:00,4.499608999,0.185,0.063
3/7/2023 8:00,2.634928043,0.208,0.063
3/7/2023 9:00,4.082525878,0.243,0.063
3/7/2023 10:00,4.330082646,0.291,0.063
3/7/2023 11:00,4.672743313,0.349,0.063
3/7/2023 12:00,5.121458553,0.398,0.063
3/7/2023 13:00,4.164149573,0.439,0.063
3/7/2023 14:00,3.032651934,0.489,0.063
3/7/2023 15:00,1.722977578,0.526,0.063
3/7/2023 16:00,5.593035066,0.567,0.063
3/7/2023 17:00,4.499608999,0.598,0.063
3/7/2023 18:00,14.37818719,0.611,0.063
3/7/2023 19:00,7.828039427,0.621,0.063
3/7/2023 20:00,2.509193909,0.555,0.063
3/7/2023 21:00,7.828039427,0.487,0.063
3/7/2023 22:00,6.087687639,0.524,0.063
3/7/2023 23:00,5.121458553,0.501,0.063
3/8/2023 0:00,6.395642697,0.491,0.063
3/8/2023 1:00,5.121458553,0.487,0.063
3/8/2023 2:00,4.76066799,0.483,0.063
3/8/2023 3:00,4.330082646,0.472,0.063
3/8/2023 4:00,2.896639836,0.444,0.063
3/8/2023 5:00,3.243162712,0.415,0.063
3/8/2023 6:00,5.986900942,0.387,0.063
3/8/2023 7:00,4.672743313,0.383,0.063
3/8/2023 8:00,4.082525878,0.379,0.063
3/8/2023 9:00,2.152265875,0.39,0.063
3/8/2023 10:00,6.189405738,0.4,0.063
3/8/2023 11:00,8.666074686,0.454,0.063
3/8/2023 12:00,5.401647217,0.545,0.063
3/8/2023 13:00,3.687760304,0.619,0.064
3/8/2023 14:00,2.209655196,0.645,0.064
3/8/2023 15:00,5.496880459,0.666,0.064
3/8/2023 16:00,2.829926034,0.726,0.064
3/8/2023 17:00,3.921954779,0.749,0.064
3/8/2023 18:00,5.788115153,0.743,0.064
3/8/2023 19:00,2.764070899,0.763,0.064
3/8/2023 20:00,8.421823208,0.678,0.063
3/8/2023 21:00,4.76066799,0.686,0.063
3/8/2023 22:00,4.499608999,0.682,0.063
3/8/2023 23:00,2.964214433,0.673,0.063
3/9/2023 0:00,5.788115153,0.679,0.063
3/9/2023 1:00,3.536049584,0.645,0.063
3/9/2023 2:00,5.593035066,0.601,0.063
3/9/2023 3:00,9.945581251,0.538,0.063
3/9/2023 4:00,7.828039427,0.491,0.063
3/9/2023 5:00,3.536049584,0.436,0.063
3/9/2023 6:00,3.687760304,0.372,0.063
3/9/2023 7:00,2.699072289,0.305,0.063
3/9/2023 8:00,3.172124005,0.254,0.063
3/9/2023 9:00,3.687760304,0.274,0.063
3/9/2023 10:00,1.096344613,0.334,0.063
3/9/2023 11:00,3.387855702,0.376,0.063
3/9/2023 12:00,3.764939399,0.468,0.063
3/9/2023 13:00,2.571635982,0.535,0.063
3/9/2023 14:00,6.292056881,0.631,0.064
3/9/2023 15:00,2.634928043,0.718,0.064
3/9/2023 16:00,8.543466188,0.772,0.064
3/9/2023 17:00,11.32320443,0.786,0.064
3/9/2023 18:00,5.121458553,0.815,0.064
3/9/2023 19:00,11.32320443,0.822,0.064
3/9/2023 20:00,3.611464351,0.814,0.064
3/9/2023 21:00,11.75582913,0.809,0.064
3/9/2023 22:00,9.681875235,0.679,0.063
3/9/2023 23:00,4.939241352,0.601,0.063
3/10/2023 0:00,7.036875913,0.585,0.063
3/10/2023 1:00,4.849500075,0.572,0.063
3/10/2023 2:00,7.370239973,0.546,0.063
3/10/2023 3:00,8.181427921,0.573,0.063
3/10/2023 4:00,8.914194075,0.578,0.063
3/10/2023 5:00,7.828039427,0.56,0.063
3/10/2023 6:00,6.087687639,0.641,0.063
3/10/2023 7:00,6.927648317,0.687,0.063
3/10/2023 8:00,12.04923735,0.717,0.063
3/10/2023 9:00,5.690112735,0.779,0.063
3/10/2023 10:00,9.039707868,0.659,0.062
3/10/2023 11:00,12.64808104,0.386,0.061
3/10/2023 12:00,9.166192983,0.488,0.061
3/10/2023 13:00,19.34288768,0.498,0.061
3/10/2023 14:00,26.94216422,0.536,0.061
3/10/2023 15:00,9.293650854,0.461,0.061
3/10/2023 16:00,9.166192983,0.434,0.061
3/10/2023 17:00,14.0544875,0.414,0.061
3/10/2023 18:00,9.293650854,0.555,0.061
3/10/2023 19:00,13.41929303,0.635,0.061
3/10/2023 20:00,6.81936499,0.671,0.061
3/10/2023 21:00,8.421823208,0.713,0.062
3/10/2023 22:00,11.90203319,0.763,0.062
3/10/2023 23:00,8.789650163,0.78,0.062
3/11/2023 0:00,5.307333632,0.777,0.062
3/11/2023 1:00,7.94487699,0.776,0.062
3/11/2023 2:00,6.292056881,0.778,0.062
3/11/2023 3:00,3.764939399,0.796,0.062
3/11/2023 4:00,6.605624826,0.81,0.062
3/11/2023 5:00,8.789650163,0.816,0.063
3/11/2023 6:00,5.887044,0.815,0.063
3/11/2023 7:00,7.483260258,0.815,0.063
3/11/2023 8:00,7.828039427,0.812,0.063
3/11/2023 9:00,4.939241352,0.83,0.063
3/11/2023 10:00,7.258170184,0.903,0.063
3/11/2023 11:00,4.330082646,0.984,0.063
3/11/2023 12:00,5.121458553,1.062,0.063
3/11/2023 13:00,16.58215416,1.143,0.064
3/11/2023 14:00,9.293650854,1.243,0.064
3/11/2023 15:00,11.61062386,1.259,0.064
3/11/2023 16:00,6.500164808,1.292,0.064
3/11/2023 17:00,5.213937987,1.292,0.064
3/11/2023 18:00,4.939241352,1.243,0.064
3/11/2023 19:00,7.370239973,1.215,0.064
3/11/2023 20:00,8.914194075,1.177,0.064
3/11/2023 21:00,5.986900942,1.132,0.064
3/11/2023 22:00,5.788115153,1.093,0.064
3/11/2023 23:00,11.46641607,1.051,0.064
3/12/2023 0:00,6.927648317,1.001,0.063
3/12/2023 1:00,3.611464351,0.961,0.063
3/12/2023 2:00,11.46641607,0.921,0.063
3/12/2023 3:00,8.062672655,0.884,0.063
3/12/2023 4:00,10.48477896,0.844,0.063
3/12/2023 5:00,3.032651934,0.815,0.063
3/12/2023 6:00,4.246667874,0.815,0.063
3/12/2023 7:00,3.172124005,0.828,0.063
3/12/2023 8:00,4.164149573,0.867,0.064
3/12/2023 9:00,5.213937987,0.928,0.064
3/12/2023 10:00,6.927648317,1.021,0.064
3/12/2023 11:00,10.21321213,1.119,0.064
3/12/2023 12:00,10.21321213,1.203,0.064
3/12/2023 13:00,7.036875913,1.214,0.064
3/12/2023 14:00,3.387855702,1.361,0.064
3/12/2023 15:00,3.843003581,1.421,0.064
3/12/2023 16:00,4.939241352,1.456,0.064
3/12/2023 17:00,4.849500075,1.434,0.064
3/12/2023 18:00,9.813238331,1.365,0.064
3/12/2023 19:00,4.939241352,1.3,0.064
3/12/2023 20:00,3.843003581,1.175,0.063
3/12/2023 21:00,3.843003581,1.06,0.063
3/12/2023 22:00,1.52796273,0.998,0.062
3/12/2023 23:00,1.825362423,0.943,0.062
3/13/2023 0:00,2.571635982,0.944,0.062
3/13/2023 1:00,1.019429876,0.934,0.062
3/13/2023 2:00,2.152265875,0.954,0.062
3/13/2023 3:00,1.259514632,1.01,0.062
3/13/2023 4:00,2.699072289,1.041,0.063
3/13/2023 5:00,4.246667874,1.04,0.063
3/13/2023 6:00,2.209655196,0.904,0.062
3/13/2023 7:00,8.421823208,0.655,0.061
3/13/2023 8:00,2.964214433,0.38,0.06
3/13/2023 9:00,9.293650854,0.248,0.059
3/13/2023 10:00,5.788115153,0.225,0.058
3/13/2023 11:00,8.914194075,0.307,0.058
3/13/2023 12:00,8.914194075,0.308,0.058
3/13/2023 13:00,12.64808104,0.185,0.057
3/13/2023 14:00,19.92334411,0.156,0.056
3/13/2023 15:00,24.69149513,0.159,0.055
3/13/2023 16:00,22.13324378,0.168,0.054
3/13/2023 17:00,37.59719768,0.189,0.053
3/13/2023 18:00,52.55108223,0.191,0.053
3/13/2023 19:00,68.37130063,0.179,0.053
3/13/2023 20:00,18.21037576,0.188,0.053
3/13/2023 21:00,35.41605282,0.238,0.053
3/13/2023 22:00,25.57873832,0.281,0.053
3/13/2023 23:00,33.30676802,0.347,0.053
3/14/2023 0:00,19.34288768,0.443,0.053
3/14/2023 1:00,36.77081802,0.547,0.053
3/14/2023 2:00,43.06807325,0.62,0.053
3/14/2023 3:00,16.93669992,0.592,0.053
3/14/2023 4:00,66.45733016,0.544,0.053
3/14/2023 5:00,117.7243314,0.676,0.053
3/14/2023 6:00,79.64831401,0.798,0.053
3/14/2023 7:00,61.98606736,0.959,0.054
3/14/2023 8:00,86.96215141,1.089,0.054
3/14/2023 9:00,64.57336966,1.218,0.054
3/14/2023 10:00,48.95277168,1.359,0.055
3/14/2023 11:00,49.59651997,1.511,0.055
3/14/2023 12:00,92.33958133,1.668,0.055
3/14/2023 13:00,88.28978964,1.775,0.055
3/14/2023 14:00,69.92414507,1.743,0.055
3/14/2023 15:00,53.55698318,1.388,0.054
3/14/2023 16:00,106.5687001,0.71,0.051
3/14/2023 17:00,187.5715595,0.225,0.049
3/14/2023 18:00,141.3167686,0.148,0.047
3/14/2023 19:00,225.944072,0.134,0.046
3/14/2023 20:00,126.2249005,0.127,0.046
3/14/2023 21:00,89.62856218,0.141,0.045
3/14/2023 22:00,178.9203645,0.153,0.045
3/14/2023 23:00,122.4655667,0.306,0.044
3/15/2023 0:00,111.5633224,0.744,0.044
3/15/2023 1:00,153.7097448,1.216,0.045
3/15/2023 2:00,122.998767,1.493,0.045
3/15/2023 3:00,148.9206569,1.484,0.045
3/15/2023 4:00,84.34020624,1.281,0.045
3/15/2023 5:00,88.73480912,1.254,0.045
3/15/2023 6:00,111.0581631,1.293,0.045
3/15/2023 7:00,157.3566551,1.449,0.045
3/15/2023 8:00,90.07729706,1.563,0.046
3/15/2023 9:00,109.5502887,1.657,0.046
3/15/2023 10:00,158.5828093,1.791,0.047
3/15/2023 11:00,130.0471984,1.915,0.047
3/15/2023 12:00,220.7466322,2.104,0.047
3/15/2023 13:00,114.6209328,2.303,0.048
3/15/2023 14:00,202.025486,2.489,0.048
3/15/2023 15:00,166.6813627,2.635,0.049
3/15/2023 16:00,175.0035814,2.647,0.049
3/15/2023 17:00,169.2181689,2.597,0.049
3/15/2023 18:00,87.40346144,2.455,0.049
3/15/2023 19:00,211.9920855,2.328,0.049
3/15/2023 20:00,115.6503049,2.203,0.049
3/15/2023 21:00,109.5502887,2.058,0.049
3/15/2023 22:00,199.2265733,1.925,0.049
3/15/2023 23:00,132.2597153,1.797,0.049
3/16/2023 0:00,96.49005951,1.659,0.049
3/16/2023 1:00,137.3134794,1.516,0.049
3/16/2023 2:00,106.5687001,1.377,0.049
3/16/2023 3:00,159.1978609,1.257,0.049
3/16/2023 4:00,95.09535017,1.163,0.049
3/16/2023 5:00,50.57087206,1.12,0.049
3/16/2023 6:00,104.6062246,1.067,0.049
3/16/2023 7:00,73.0878106,0.991,0.049
3/16/2023 8:00,104.6062246,0.936,0.049
3/16/2023 9:00,70.70780581,0.939,0.049
3/16/2023 10:00,117.203913,0.996,0.049
3/16/2023 11:00,68.7577039,1.135,0.049
3/16/2023 12:00,109.0501964,1.386,0.05
3/16/2023 13:00,158.5828093,1.781,0.05
3/16/2023 14:00,210.5520249,2.119,0.051
3/16/2023 15:00,125.6840025,2.417,0.051
3/16/2023 16:00,178.2642367,2.637,0.051
3/16/2023 17:00,101.2203637,2.724,0.051
3/16/2023 18:00,109.5502887,2.729,0.051
3/16/2023 19:00,156.1357625,2.617,0.051
3/16/2023 20:00,148.3279116,2.437,0.05
3/16/2023 21:00,126.2249005,2.258,0.05
3/16/2023 22:00,166.0504712,2.076,0.05
3/16/2023 23:00,133.3737196,1.914,0.05
3/17/2023 0:00,111.0581631,1.765,0.05
3/17/2023 1:00,156.7455513,1.626,0.05
3/17/2023 2:00,141.8938645,1.491,0.05
3/17/2023 3:00,85.20925622,1.366,0.05
3/17/2023 4:00,153.7097448,1.251,0.049
3/17/2023 5:00,119.8187661,1.139,0.049
3/17/2023 6:00,86.52207654,1.026,0.049
3/17/2023 7:00,138.4507852,0.923,0.049
3/17/2023 8:00,199.2265733,0.84,0.049
3/17/2023 9:00,176.9559794,0.799,0.049
3/17/2023 10:00,76.32908083,0.827,0.049
3/17/2023 11:00,96.49005951,0.97,0.049
3/17/2023 12:00,237.3071922,1.236,0.05
3/17/2023 13:00,111.5633224,1.621,0.05
3/17/2023 14:00,112.0697499,1.962,0.051
3/17/2023 15:00,142.4722615,2.31,0.051
3/17/2023 16:00,100.7416952,2.533,0.052
3/17/2023 17:00,90.97848684,2.638,0.052
3/17/2023 18:00,73.48871798,2.65,0.052
3/17/2023 19:00,85.64562961,2.529,0.052
3/17/2023 20:00,95.55900549,2.305,0.051
3/17/2023 21:00,156.7455513,2.065,0.051
3/17/2023 22:00,60.17375583,1.859,0.051
3/17/2023 23:00,102.663903,1.699,0.051
3/18/2023 0:00,133.9326603,1.561,0.051
3/18/2023 1:00,171.7761845,1.429,0.051
3/18/2023 2:00,77.97892986,1.323,0.05
3/18/2023 3:00,97.42610899,1.263,0.05
3/18/2023 4:00,126.2249005,1.22,0.05
3/18/2023 5:00,162.9158471,1.167,0.05
3/18/2023 6:00,109.0501964,1.125,0.05
3/18/2023 7:00,182.8851522,1.069,0.05
3/18/2023 8:00,48.63264105,1.06,0.05
3/18/2023 9:00,73.48871798,1.127,0.05
3/18/2023 10:00,147.1463419,1.255,0.05
3/18/2023 11:00,184.8855827,1.462,0.051
3/18/2023 12:00,102.663903,1.721,0.051
3/18/2023 13:00,131.1508764,2.092,0.052
3/18/2023 14:00,137.3134794,2.378,0.052
3/18/2023 15:00,141.8938645,2.666,0.052
3/18/2023 16:00,146.5575164,2.875,0.053
3/18/2023 17:00,135.6172432,2.899,0.053
3/18/2023 18:00,79.64831401,2.889,0.053
3/18/2023 19:00,170.4945234,2.749,0.053
3/18/2023 20:00,103.6325471,2.548,0.053
3/18/2023 21:00,143.05196,2.347,0.052
3/18/2023 22:00,117.203913,2.163,0.052
3/18/2023 23:00,63.82816779,2.004,0.052
3/19/2023 0:00,102.663903,1.892,0.052
3/19/2023 1:00,113.0864122,1.846,0.052
3/19/2023 2:00,94.63294179,1.807,0.052
3/19/2023 3:00,141.3167686,1.77,0.052
3/19/2023 4:00,127.8553066,1.738,0.052
3/19/2023 5:00,148.3279116,1.704,0.052
3/19/2023 6:00,143.05196,1.688,0.052
3/19/2023 7:00,98.83956089,1.69,0.052
3/19/2023 8:00,104.1187563,1.731,0.052
3/19/2023 9:00,73.0878106,1.869,0.052
3/19/2023 10:00,100.2642813,2.079,0.052
3/19/2023 11:00,93.71186326,2.338,0.053
3/19/2023 12:00,154.9201272,2.627,0.053
3/19/2023 13:00,158.5828093,2.952,0.054
3/19/2023 14:00,167.9471167,3.126,0.054
3/19/2023 15:00,147.7364734,3.374,0.054
3/19/2023 16:00,94.1717797,3.536,0.054
3/19/2023 17:00,171.7761845,3.569,0.054
3/19/2023 18:00,162.2928852,3.454,0.054
3/19/2023 19:00,141.8938645,3.277,0.054
3/19/2023 20:00,126.2249005,3.084,0.054
3/19/2023 21:00,93.71186326,2.955,0.054
3/19/2023 22:00,165.4209027,2.86,0.054
3/19/2023 23:00,93.71186326,2.763,0.054
3/20/2023 0:00,115.1349826,2.675,0.054
3/20/2023 1:00,103.6325471,2.644,0.054
3/20/2023 2:00,66.83772055,2.629,0.054
3/20/2023 3:00,131.7046504,2.606,0.053
3/20/2023 4:00,110.0516469,2.539,0.053
3/20/2023 5:00,125.6840025,2.519,0.053
3/20/2023 6:00,140.1664778,2.51,0.053
3/20/2023 7:00,121.9336472,2.394,0.053
3/20/2023 8:00,94.1717797,2.133,0.052
3/20/2023 9:00,100.7416952,2.186,0.052
3/20/2023 10:00,108.5513692,2.252,0.052
3/20/2023 11:00,80.06871757,1.987,0.052
3/20/2023 12:00,211.2713766,1.709,0.051
3/20/2023 13:00,143.6329607,1.799,0.051
3/20/2023 14:00,51.88633719,1.726,0.051
3/20/2023 15:00,92.79576472,1.852,0.051
3/20/2023 16:00,176.3038489,2.168,0.051
3/20/2023 17:00,123.5332489,2.4,0.052
3/20/2023 18:00,112.5774463,2.47,0.052
3/20/2023 19:00,189.600112,2.429,0.052
3/20/2023 20:00,179.5778257,2.374,0.052
3/20/2023 21:00,124.0690127,2.301,0.052
3/20/2023 22:00,100.2642813,2.085,0.052
3/20/2023 23:00,171.7761845,1.824,0.052
3/21/2023 0:00,104.1187563,1.631,0.051
3/21/2023 1:00,111.0581631,1.538,0.051
3/21/2023 2:00,98.36715905,1.477,0.051
3/21/2023 3:00,113.0864122,1.57,0.051
3/21/2023 4:00,105.0949525,1.724,0.052
3/21/2023 5:00,101.7002874,1.834,0.052
3/21/2023 6:00,93.71186326,1.901,0.052
3/21/2023 7:00,125.144389,1.971,0.053
3/21/2023 8:00,168.5819803,2.052,0.053
3/21/2023 9:00,120.345568,2.172,0.053
3/21/2023 10:00,79.22913415,2.301,0.053
3/21/2023 11:00,41.00465055,2.372,0.053
3/21/2023 12:00,63.45736012,2.492,0.054
3/21/2023 13:00,56.29106436,2.764,0.054
3/21/2023 14:00,80.06871757,2.916,0.054
3/21/2023 15:00,55.60048295,3.125,0.054
3/21/2023 16:00,123.5332489,3.244,0.054
3/21/2023 17:00,135.0544215,3.196,0.054
3/21/2023 18:00,87.40346144,3.162,0.054
3/21/2023 19:00,56.9863635,3.03,0.054
3/21/2023 20:00,69.92414507,2.865,0.053
3/21/2023 21:00,83.04586324,2.761,0.053
3/21/2023 22:00,108.0538066,2.653,0.053
3/21/2023 23:00,96.49005951,2.538,0.053
3/22/2023 0:00,96.9574595,2.489,0.053
3/22/2023 1:00,234.2468639,2.469,0.053
3/22/2023 2:00,105.5849406,2.454,0.054
3/22/2023 3:00,115.1349826,2.397,0.054
3/22/2023 4:00,121.403008,2.306,0.053
3/22/2023 5:00,83.47608088,2.21,0.053
3/22/2023 6:00,81.33727725,2.109,0.053
3/22/2023 7:00,85.64562961,2.026,0.053
3/22/2023 8:00,86.96215141,1.967,0.053
3/22/2023 9:00,151.9040109,1.953,0.053
3/22/2023 10:00,83.04586324,2.006,0.053
3/22/2023 11:00,108.5513692,2.162,0.053
3/22/2023 12:00,132.2597153,2.453,0.054
3/22/2023 13:00,73.48871798,2.883,0.054
3/22/2023 14:00,74.69872261,3.18,0.055
3/22/2023 15:00,219.2739284,3.366,0.055
3/22/2023 16:00,161.05092,3.49,0.055
3/22/2023 17:00,122.998767,3.513,0.055
3/22/2023 18:00,197.8352115,3.443,0.055
3/22/2023 19:00,115.1349826,3.327,0.055
3/22/2023 20:00,125.144389,3.162,0.055
3/22/2023 21:00,83.04586324,3.01,0.055
3/22/2023 22:00,156.1357625,2.858,0.054
3/22/2023 23:00,82.61687474,2.721,0.054
3/23/2023 0:00,73.0878106,2.623,0.054
3/23/2023 1:00,117.7243314,2.531,0.054
3/23/2023 2:00,73.0878106,2.471,0.054
3/23/2023 3:00,90.97848684,2.485,0.054
3/23/2023 4:00,84.34020624,2.495,0.054
3/23/2023 5:00,98.36715905,2.46,0.054
3/23/2023 6:00,30.2765544,2.428,0.054
3/23/2023 7:00,24.47238849,2.438,0.054
3/23/2023 8:00,15.54334164,2.437,0.054
3/23/2023 9:00,20.7120795,2.508,0.054
3/23/2023 10:00,41.00465055,2.62,0.054
3/23/2023 11:00,61.98606736,2.44,0.054
3/23/2023 12:00,52.21812468,2.238,0.053
3/23/2023 13:00,75.51146815,2.41,0.053
3/23/2023 14:00,39.56500691,2.759,0.054
3/23/2023 15:00,58.03817139,3.005,0.054
3/23/2023 16:00,53.89462888,3.223,0.054
3/23/2023 17:00,66.07814018,3.305,0.054
3/23/2023 18:00,34.61667478,3.277,0.054
3/23/2023 19:00,32.79062046,3.2,0.054
3/23/2023 20:00,52.21812468,3.047,0.054
3/23/2023 21:00,60.17375583,2.92,0.054
3/23/2023 22:00,27.17321352,2.801,0.054
3/23/2023 23:00,37.87491633,2.636,0.054
3/24/2023 0:00,38.15376583,2.497,0.054
3/24/2023 1:00,60.53383951,1.135,0.051
3/24/2023 2:00,49.59651997,0.943,0.051
3/24/2023 3:00,75.10448734,0.81,0.05
3/24/2023 4:00,58.39113954,0.93,0.051
3/24/2023 5:00,107.5575079,0.967,0.051
3/24/2023 6:00,60.53383951,1.049,0.051
3/24/2023 7:00,88.28978964,1.075,0.051
3/24/2023 8:00,60.53383951,1.081,0.051
3/24/2023 9:00,67.21931206,1.035,0.051
3/24/2023 10:00,80.91319851,1.088,0.051
3/24/2023 11:00,106.5687001,1.306,0.052
3/24/2023 12:00,79.22913415,1.508,0.052
3/24/2023 13:00,77.97892986,1.724,0.052
3/24/2023 14:00,125.6840025,1.964,0.053
3/24/2023 15:00,106.5687001,2.111,0.053
3/24/2023 16:00,112.0697499,2.146,0.053
3/24/2023 17:00,114.6209328,2.236,0.053
3/24/2023 18:00,62.71932764,2.098,0.053
3/24/2023 19:00,86.96215141,1.995,0.053
3/24/2023 20:00,86.52207654,1.809,0.053
3/24/2023 21:00,71.10144831,1.649,0.053
3/24/2023 22:00,141.8938645,1.561,0.053
3/24/2023 23:00,58.74529171,1.462,0.053
3/25/2023 0:00,95.55900549,1.294,0.052
3/25/2023 1:00,77.56463791,1.122,0.052
3/25/2023 2:00,132.8160715,1.059,0.052
3/25/2023 3:00,98.36715905,1.021,0.052
3/25/2023 4:00,52.21812468,0.946,0.052
3/25/2023 5:00,82.18911469,0.935,0.052
3/25/2023 6:00,59.10062866,0.938,0.052
3/25/2023 7:00,90.97848684,0.912,0.052
3/25/2023 8:00,82.61687474,0.878,0.052
3/25/2023 9:00,37.320609,0.563,0.051
3/25/2023 10:00,38.43374707,0.422,0.051
3/25/2023 11:00,113.0864122,0.672,0.051
3/25/2023 12:00,134.4928941,1.032,0.052
3/25/2023 13:00,75.91966574,1.472,0.052
3/25/2023 14:00,86.08323616,1.752,0.053
3/25/2023 15:00,100.7416952,1.839,0.053
3/25/2023 16:00,100.2642813,2.082,0.053
3/25/2023 17:00,88.28978964,2.152,0.053
3/25/2023 18:00,72.28963289,2.049,0.053
3/25/2023 19:00,79.64831401,1.88,0.053
3/25/2023 20:00,66.45733016,1.661,0.053
3/25/2023 21:00,71.49629985,1.394,0.053
3/25/2023 22:00,96.9574595,1.113,0.052
3/25/2023 23:00,41.00465055,0.827,0.052
3/26/2023 0:00,91.43094304,0.556,0.051
3/26/2023 1:00,73.89083863,0.322,0.051
3/26/2023 2:00,87.8460073,0.165,0.051
3/26/2023 3:00,87.40346144,0.092,0.051
3/26/2023 4:00,150.1100714,0.089,0.051
3/26/2023 5:00,96.9574595,0.096,0.051
3/26/2023 6:00,18.02529234,0.104,0.051
3/26/2023 7:00,19.15150968,0.108,0.051
3/26/2023 8:00,22.34053143,0.11,0.051
3/26/2023 9:00,5.788115153,0.123,0.051
3/26/2023 10:00,-6999,0.236,0.051
3/26/2023 11:00,81.76258242,0.313,0.051
3/26/2023 12:00,157.3566551,0.458,0.051
3/26/2023 13:00,100.2642813,0.912,0.052
3/26/2023 14:00,124.6060592,1.174,0.053
3/26/2023 15:00,167.3135777,1.348,0.053
3/26/2023 16:00,127.8553066,1.351,0.053
3/26/2023 17:00,124.6060592,1.331,0.053
3/26/2023 18:00,130.0471984,1.36,0.053
3/26/2023 19:00,67.98610138,1.383,0.053
3/26/2023 20:00,104.6062246,1.369,0.053
3/26/2023 21:00,88.28978964,1.308,0.053
3/26/2023 22:00,79.64831401,1.226,0.053
3/26/2023 23:00,67.21931206,1.104,0.052
3/27/2023 0:00,103.1475962,0.978,0.052
3/27/2023 1:00,107.5575079,0.847,0.052
3/27/2023 2:00,91.88464098,0.739,0.052
3/27/2023 3:00,109.5502887,0.604,0.052
3/27/2023 4:00,44.27237367,0.465,0.052
3/27/2023 5:00,72.28963289,0.332,0.051
3/27/2023 6:00,73.0878106,0.175,0.051
3/27/2023 7:00,111.0581631,0.084,0.051
3/27/2023 8:00,68.37130063,0.106,0.05
3/27/2023 9:00,24.25436148,0.111,0.049
3/27/2023 10:00,-6999,0.207,0.051
3/27/2023 11:00,88.28978964,0.369,0.052
3/27/2023 12:00,144.2152642,0.52,0.052
3/27/2023 13:00,113.5966482,0.783,0.052
3/27/2023 14:00,137.3134794,1.354,0.053
3/27/2023 15:00,107.0624726,1.781,0.054
3/27/2023 16:00,110.5542715,1.888,0.054
3/27/2023 17:00,138.4507852,1.987,0.054
3/27/2023 18:00,86.08323616,2.073,0.054
3/27/2023 19:00,98.36715905,2.024,0.054
3/27/2023 20:00,102.181467,1.864,0.054
3/27/2023 21:00,68.7577039,1.718,0.054
3/27/2023 22:00,97.89600863,1.633,0.054
3/27/2023 23:00,98.83956089,1.566,0.054
3/28/2023 0:00,67.21931206,1.513,0.054
3/28/2023 1:00,21.51778565,1.485,0.054
3/28/2023 2:00,52.88521064,1.501,0.054
3/28/2023 3:00,102.181467,1.422,0.054
3/28/2023 4:00,65.3233585,1.353,0.053
3/28/2023 5:00,55.25695946,1.35,0.053
3/28/2023 6:00,49.59651997,1.362,0.053
3/28/2023 7:00,66.45733016,1.407,0.054
3/28/2023 8:00,91.88464098,1.464,0.054
3/28/2023 9:00,55.25695946,1.52,0.054
3/28/2023 10:00,65.70014987,1.578,0.054
3/28/2023 11:00,82.61687474,1.629,0.054
3/28/2023 12:00,77.56463791,1.729,0.054
3/28/2023 13:00,78.39444276,1.822,0.054
3/28/2023 14:00,131.7046504,1.969,0.054
3/28/2023 15:00,59.10062866,2.153,0.054
3/28/2023 16:00,65.70014987,2.253,0.055
3/28/2023 17:00,50.89798721,2.291,0.055
3/28/2023 18:00,111.0581631,2.313,0.055
3/28/2023 19:00,64.94776534,2.29,0.055
3/28/2023 20:00,73.89083863,2.215,0.055
3/28/2023 21:00,61.2575733,2.193,0.055
3/28/2023 22:00,63.82816779,2.193,0.055
3/28/2023 23:00,93.71186326,2.192,0.055
3/29/2023 0:00,71.89236114,2.189,0.055
3/29/2023 1:00,75.10448734,2.179,0.055
3/29/2023 2:00,22.75831547,2.155,0.055
3/29/2023 3:00,62.71932764,2.127,0.055
3/29/2023 4:00,36.77081802,2.108,0.055
3/29/2023 5:00,22.75831547,2.116,0.055
3/29/2023 6:00,55.60048295,2.061,0.055
3/29/2023 7:00,35.41605282,1.899,0.055
3/29/2023 8:00,22.96881397,1.826,0.054
3/29/2023 9:00,38.71486092,1.816,0.054
3/29/2023 10:00,48.31367169,1.865,0.054
3/29/2023 11:00,66.07814018,2.058,0.054
3/29/2023 12:00,73.0878106,2.161,0.054
3/29/2023 13:00,58.74529171,2.263,0.054
3/29/2023 14:00,94.1717797,2.35,0.055
3/29/2023 15:00,80.49034551,2.403,0.055
3/29/2023 16:00,126.7670834,2.418,0.055
3/29/2023 17:00,72.28963289,2.391,0.055
3/29/2023 18:00,100.2642813,2.37,0.055
3/29/2023 19:00,153.7097448,2.292,0.055
3/29/2023 20:00,100.2642813,2.219,0.055
3/29/2023 21:00,76.73971408,2.19,0.055
3/29/2023 22:00,102.181467,2.167,0.055
3/29/2023 23:00,90.52727173,2.136,0.055
3/30/2023 0:00,90.97848684,1.982,0.055
3/30/2023 1:00,78.81117729,1.783,0.054
3/30/2023 2:00,88.28978964,1.538,0.054
3/30/2023 3:00,73.89083863,1.239,0.053
3/30/2023 4:00,67.98610138,0.92,0.052
3/30/2023 5:00,132.8160715,0.628,0.052
3/30/2023 6:00,72.28963289,0.169,0.05
3/30/2023 7:00,45.80362465,0.115,0.05
3/30/2023 8:00,25.13295136,0.117,0.05
3/30/2023 9:00,39.28048997,0.117,0.05
3/30/2023 10:00,77.15156621,0.126,0.05
3/30/2023 11:00,34.35245686,0.131,0.049
3/30/2023 12:00,30.52297608,0.143,0.049
3/30/2023 13:00,21.31476432,0.146,0.049
3/30/2023 14:00,55.25695946,0.145,0.049
3/30/2023 15:00,73.48871798,0.184,0.049
3/30/2023 16:00,69.92414507,0.21,0.049
3/30/2023 17:00,94.63294179,0.164,0.049
3/30/2023 18:00,139.5932816,0.142,0.049
3/30/2023 19:00,105.0949525,0.368,0.049
3/30/2023 20:00,62.35210135,0.426,0.049
3/30/2023 21:00,53.89462888,0.621,0.05
3/30/2023 22:00,86.96215141,0.903,0.051
3/30/2023 23:00,62.71932764,1.054,0.051
3/31/2023 0:00,46.42419655,1.142,0.052
3/31/2023 1:00,62.35210135,1.176,0.052
3/31/2023 2:00,30.2765544,1.208,0.052
3/31/2023 3:00,50.24492301,1.222,0.052
3/31/2023 4:00,67.60210543,1.255,0.053
3/31/2023 5:00,40.71444441,1.276,0.053
3/31/2023 6:00,30.77050301,1.402,0.053
3/31/2023 7:00,12.34665119,1.531,0.054
3/31/2023 8:00,43.36742668,1.644,0.054
3/31/2023 9:00,26.48333673,1.818,0.054
3/31/2023 10:00,48.95277168,1.997,0.054
3/31/2023 11:00,35.68475661,2.331,0.055
3/31/2023 12:00,37.320609,2.617,0.055
3/31/2023 13:00,21.72187195,2.85,0.055
3/31/2023 14:00,37.04514941,2.853,0.055
3/31/2023 15:00,49.27406439,2.994,0.055
3/31/2023 16:00,36.77081802,2.999,0.055
3/31/2023 17:00,79.64831401,2.933,0.055
3/31/2023 18:00,63.08774699,2.772,0.055
3/31/2023 19:00,55.25695946,2.576,0.054
3/31/2023 20:00,48.95277168,2.404,0.054
3/31/2023 21:00,34.88201281,2.295,0.054
3/31/2023 22:00,64.57336966,2.21,0.054
3/31/2023 23:00,35.95458413,2.205,0.054
4/1/2023 0:00,24.25436148,2.206,0.054
4/1/2023 1:00,67.98610138,2.222,0.054
4/1/2023 2:00,21.31476432,2.227,0.054
4/1/2023 3:00,28.58246924,2.184,0.054
4/1/2023 4:00,44.57632105,2.154,0.054
4/1/2023 5:00,12.64808104,2.101,0.054
4/1/2023 6:00,11.32320443,1.925,0.054
4/1/2023 7:00,17.84125406,1.861,0.053
4/1/2023 8:00,20.7120795,1.764,0.053
4/1/2023 9:00,7.147049349,1.638,0.053
4/1/2023 10:00,5.593035066,1.556,0.052
4/1/2023 11:00,5.788115153,1.667,0.052
4/1/2023 12:00,4.585724251,1.92,0.053
4/1/2023 13:00,10.21321213,2.006,0.053
4/1/2023 14:00,5.986900942,1.776,0.052
4/1/2023 15:00,4.00179491,1.928,0.052
4/1/2023 16:00,6.500164808,2.111,0.053
4/1/2023 17:00,5.690112735,2.279,0.053
4/1/2023 18:00,12.34665119,2.312,0.053
4/1/2023 19:00,14.87139253,2.228,0.054
4/1/2023 20:00,4.672743313,2.082,0.054
4/1/2023 21:00,4.672743313,1.947,0.054
4/1/2023 22:00,9.551490563,1.833,0.054
4/1/2023 23:00,7.483260258,1.76,0.054
4/2/2023 0:00,23.82154225,1.752,0.054
4/2/2023 1:00,13.57656914,1.769,0.054
4/2/2023 2:00,23.39302917,1.779,0.054
4/2/2023 3:00,10.89953309,1.804,0.054
4/2/2023 4:00,14.87139253,1.806,0.054
4/2/2023 5:00,28.10833748,1.78,0.054
4/2/2023 6:00,10.34850287,1.75,0.054
4/2/2023 7:00,10.76029271,1.722,0.054
4/2/2023 8:00,29.30190104,1.757,0.054
4/2/2023 9:00,35.95458413,1.899,0.054
4/2/2023 10:00,31.7716821,2.131,0.055
4/2/2023 11:00,18.96118358,2.409,0.055
4/2/2023 12:00,35.14847185,2.642,0.055
4/2/2023 13:00,15.71389802,2.928,0.056
4/2/2023 14:00,29.06099126,2.975,0.056
4/2/2023 15:00,43.96957605,3.244,0.056
4/2/2023 16:00,19.92334411,3.24,0.056
4/2/2023 17:00,49.59651997,3.111,0.056
4/2/2023 18:00,42.47280471,2.923,0.056
4/2/2023 19:00,33.8273777,2.756,0.055
4/2/2023 20:00,39.85065996,2.608,0.055
4/2/2023 21:00,57.33578414,2.483,0.055
4/2/2023 22:00,33.8273777,2.403,0.055
4/2/2023 23:00,26.02886409,2.343,0.055
4/3/2023 0:00,26.25555655,2.274,0.055
4/3/2023 1:00,15.03784075,2.196,0.055
4/3/2023 2:00,28.58246924,2.155,0.055
4/3/2023 3:00,28.34485506,2.074,0.055
4/3/2023 4:00,34.88201281,1.957,0.055
4/3/2023 5:00,16.58215416,1.855,0.054
4/3/2023 6:00,10.89953309,1.768,0.054
4/3/2023 7:00,29.54391128,1.695,0.054
4/3/2023 8:00,33.56651464,1.674,0.054
4/3/2023 9:00,27.87291551,1.745,0.054
4/3/2023 10:00,29.54391128,1.81,0.054
4/3/2023 11:00,18.5836826,2.003,0.054
4/3/2023 12:00,34.88201281,2.248,0.055
4/3/2023 13:00,34.08935814,2.541,0.055
4/3/2023 14:00,18.21037576,2.775,0.056
4/3/2023 15:00,41.58848495,2.783,0.056
4/3/2023 16:00,49.27406439,2.68,0.056
4/3/2023 17:00,24.03741308,2.74,0.055
4/3/2023 18:00,35.41605282,2.467,0.055
4/3/2023 19:00,18.96118358,2.359,0.055
4/3/2023 20:00,29.78702295,2.115,0.055
4/3/2023 21:00,19.53531868,1.933,0.054
4/3/2023 22:00,15.54334164,1.797,0.054
4/3/2023 23:00,66.45733016,1.66,0.054
4/4/2023 0:00,37.04514941,1.543,0.054
4/4/2023 1:00,19.72880379,1.461,0.054
4/4/2023 2:00,8.666074686,1.381,0.054
4/4/2023 3:00,22.54888831,1.323,0.054
4/4/2023 4:00,22.96881397,1.252,0.054
4/4/2023 5:00,30.77050301,1.093,0.053
4/4/2023 6:00,24.69149513,1.047,0.053
4/4/2023 7:00,12.80030518,1.038,0.053
4/4/2023 8:00,35.95458413,1.075,0.053
4/4/2023 9:00,24.47238849,1.258,0.053
