2023 LG,,,
Hourly Stream Data (Summary),,,
,,,
Dataset Reference Format:,,,
,"[Year of data collection] Stream data from Dry Creek Experimental Watershed. Watershed Process Research Group, Boise State University",,
, URL: earth.boisestate.edu/drycreek. Multi-paged. [month and day of data download].,,
,,,
Dataset Header Description,,,
,Column(s)| Variable| Description| [units],,
,1st Column  | DateTime| Time stamp of variable collection time [MM/DD/YY  hr:mm],,
,2nd Column|Discharge -L/s|Stream Discharge instantaneous measurements [L/s],,
,3rd Column |StreamTemp-C| Stream Temperature [C],,
,4th Column |StreamEC-mS/cm| Stream Electrical Conductivity [mS/cm],,
,,,
,,,
,**Note: -6999 denotes missing data,,
,,,
,,,
DateTime,Discharge-L/s,StreamTemp-C,StreamEC-mS/cm
1/1/2023 0:00,89.65946304,2.31,0.27
1/1/2023 1:00,89.33313272,2.154,0.272
1/1/2023 2:00,88.35915914,2.021,0.274
1/1/2023 3:00,88.03616958,1.888,0.278
1/1/2023 4:00,87.39268546,1.742,0.281
1/1/2023 5:00,86.11566238,1.607,0.284
1/1/2023 6:00,84.85183329,1.478,0.287
1/1/2023 7:00,84.2248417,1.351,0.289
1/1/2023 8:00,84.2248417,1.237,0.291
1/1/2023 9:00,82.98065488,1.115,0.295
1/1/2023 10:00,83.29048013,0.986,0.298
1/1/2023 11:00,82.36343986,0.889,0.298
1/1/2023 12:00,81.74946394,0.908,0.295
1/1/2023 13:00,81.74946394,1.011,0.292
1/1/2023 14:00,80.83455174,1.176,0.289
1/1/2023 15:00,78.72782533,1.314,0.286
1/1/2023 16:00,78.72782533,1.463,0.284
1/1/2023 17:00,80.83455174,1.559,0.284
1/1/2023 18:00,80.53118986,1.545,0.286
1/1/2023 19:00,80.22863035,1.479,0.288
1/1/2023 20:00,79.92687198,1.35,0.293
1/1/2023 21:00,79.92687198,1.146,0.299
1/1/2023 22:00,79.92687198,0.92,0.302
1/1/2023 23:00,79.02639143,0.702,0.307
1/2/2023 0:00,77.54149858,0.529,0.311
1/2/2023 1:00,76.36781318,0.386,0.315
1/2/2023 2:00,70.1350101,0.227,0.32
1/2/2023 3:00,54.04394403,0.121,0.321
1/2/2023 4:00,46.85803734,0.097,0.318
1/2/2023 5:00,44.42087774,0.098,0.312
1/2/2023 6:00,47.06528796,0.104,0.308
1/2/2023 7:00,50.90713104,0.1,0.292
1/2/2023 8:00,57.31440673,0.093,0.285
1/2/2023 9:00,63.497128,0.087,0.283
1/2/2023 10:00,69.86052005,0.087,0.282
1/2/2023 11:00,74.63081611,0.089,0.283
1/2/2023 12:00,81.13871722,0.089,0.284
1/2/2023 13:00,85.79847127,0.089,0.286
1/2/2023 14:00,96.36377431,0.089,0.288
1/2/2023 15:00,112.726507,0.087,0.29
1/2/2023 16:00,110.4396571,0.087,0.292
1/2/2023 17:00,111.1982759,0.086,0.296
1/2/2023 18:00,108.9333619,0.084,0.295
1/2/2023 19:00,110.4396571,0.081,0.295
1/2/2023 20:00,115.4363953,0.081,0.292
1/2/2023 21:00,113.8823398,0.081,0.292
1/2/2023 22:00,112.3430718,0.082,0.292
1/2/2023 23:00,111.5789576,0.082,0.292
1/3/2023 0:00,109.3085711,0.082,0.292
1/3/2023 1:00,112.3430718,0.084,0.293
1/3/2023 2:00,116.6116905,0.085,0.294
1/3/2023 3:00,121.3972059,0.084,0.295
1/3/2023 12:00,107.8131749,0.096,0.336
1/3/2023 13:00,103.4134257,0.098,0.334
1/3/2023 14:00,96.36377431,0.101,0.332
1/3/2023 15:00,92.30038929,0.108,0.33
1/3/2023 16:00,90.64348879,0.109,0.328
1/3/2023 17:00,91.96731761,0.111,0.326
1/3/2023 18:00,92.30038929,0.11,0.325
1/3/2023 19:00,90.97317981,0.108,0.324
1/3/2023 20:00,87.7140121,0.108,0.324
1/3/2023 21:00,85.48210355,0.106,0.323
1/3/2023 22:00,82.67164187,0.106,0.323
1/3/2023 23:00,80.83455174,0.102,0.324
1/4/2023 0:00,78.72782533,0.105,0.324
1/4/2023 1:00,76.95308062,0.108,0.324
1/4/2023 2:00,75.20669072,0.114,0.324
1/4/2023 3:00,74.0580529,0.117,0.324
1/4/2023 4:00,71.51886024,0.129,0.323
1/4/2023 5:00,70.68626653,0.152,0.323
1/4/2023 13:00,68.22943785,0.744,0.305
1/4/2023 14:00,68.49940307,0.881,0.302
1/4/2023 15:00,68.49940307,1.014,0.299
1/4/2023 16:00,68.49940307,1.146,0.295
1/4/2023 17:00,69.04158806,1.282,0.293
1/4/2023 18:00,68.49940307,1.37,0.292
1/4/2023 19:00,68.22943785,1.433,0.291
1/4/2023 20:00,68.22943785,1.489,0.291
1/4/2023 21:00,68.22943785,1.53,0.29
1/4/2023 22:00,67.96022253,1.56,0.29
1/4/2023 23:00,67.96022253,1.579,0.29
1/5/2023 0:00,68.22943785,1.589,0.291
1/5/2023 1:00,67.42403676,1.578,0.292
1/5/2023 2:00,67.6917559,1.527,0.292
1/5/2023 3:00,67.42403676,1.541,0.292
1/5/2023 4:00,67.1570639,1.56,0.291
1/5/2023 5:00,67.1570639,1.607,0.29
1/5/2023 6:00,66.62535217,1.65,0.289
1/5/2023 7:00,66.09661108,1.694,0.288
1/5/2023 8:00,66.8908361,1.732,0.288
1/5/2023 9:00,66.8908361,1.783,0.286
1/5/2023 10:00,67.1570639,1.876,0.284
1/5/2023 11:00,67.42403676,1.943,0.283
1/5/2023 12:00,67.6917559,2.073,0.278
1/5/2023 13:00,67.96022253,2.314,0.273
1/5/2023 14:00,68.49940307,2.53,0.271
1/5/2023 15:00,69.04158806,2.673,0.269
1/5/2023 16:00,69.58678717,2.805,0.267
1/5/2023 17:00,70.41025852,2.873,0.267
1/5/2023 18:00,70.41025852,2.891,0.267
1/5/2023 19:00,71.51886024,2.878,0.267
1/5/2023 20:00,71.79791875,2.864,0.267
1/5/2023 21:00,72.07774293,2.831,0.269
1/7/2023 12:00,69.31381025,1.767,0.286
1/7/2023 13:00,69.04158806,1.9,0.283
1/7/2023 14:00,69.04158806,2.109,0.281
1/7/2023 15:00,69.04158806,2.279,0.277
1/7/2023 16:00,68.77011941,2.477,0.273
1/7/2023 17:00,69.31381025,2.705,0.27
1/7/2023 18:00,68.77011941,2.886,0.269
1/7/2023 19:00,69.31381025,2.969,0.269
1/7/2023 20:00,68.77011941,2.975,0.269
1/7/2023 21:00,69.04158806,2.971,0.27
1/7/2023 22:00,68.77011941,2.925,0.272
1/7/2023 23:00,69.04158806,2.828,0.274
1/8/2023 0:00,69.04158806,2.726,0.276
1/8/2023 1:00,68.77011941,2.65,0.277
1/8/2023 2:00,69.04158806,2.593,0.278
1/8/2023 3:00,68.49940307,2.512,0.28
1/8/2023 4:00,68.77011941,2.44,0.281
1/8/2023 5:00,68.77011941,2.416,0.28
1/8/2023 6:00,68.77011941,2.424,0.28
1/8/2023 7:00,68.77011941,2.448,0.279
1/8/2023 8:00,68.22943785,2.464,0.279
1/8/2023 9:00,68.22943785,2.497,0.278
1/8/2023 10:00,68.22943785,2.556,0.277
1/8/2023 11:00,67.96022253,2.647,0.275
1/8/2023 12:00,67.6917559,2.74,0.274
1/8/2023 13:00,68.77011941,2.832,0.273
1/8/2023 14:00,69.04158806,2.909,0.271
1/8/2023 15:00,69.31381025,3.002,0.269
1/8/2023 16:00,69.31381025,3.107,0.267
1/8/2023 17:00,69.04158806,3.198,0.266
1/8/2023 18:00,69.58678717,3.253,0.266
1/8/2023 19:00,69.31381025,3.245,0.268
1/8/2023 20:00,69.31381025,3.128,0.271
1/11/2023 11:00,69.86052005,2.123,0.286
1/11/2023 12:00,70.1350101,2.184,0.283
1/11/2023 13:00,69.58678717,2.41,0.278
1/11/2023 14:00,69.58678717,2.691,0.273
1/11/2023 15:00,69.58678717,2.961,0.269
1/11/2023 16:00,69.86052005,3.113,0.268
1/11/2023 17:00,69.31381025,3.258,0.266
1/11/2023 18:00,69.31381025,3.332,0.266
1/11/2023 19:00,69.31381025,3.292,0.267
1/11/2023 20:00,69.04158806,3.226,0.269
1/11/2023 21:00,69.31381025,3.17,0.27
1/11/2023 22:00,69.04158806,3.116,0.271
1/11/2023 23:00,69.58678717,3.057,0.272
1/12/2023 0:00,69.04158806,3.005,0.273
1/12/2023 1:00,69.58678717,2.97,0.274
1/12/2023 2:00,68.77011941,2.938,0.274
1/12/2023 3:00,68.77011941,2.908,0.275
1/12/2023 4:00,68.49940307,2.895,0.275
1/12/2023 5:00,68.77011941,2.898,0.275
1/12/2023 6:00,68.77011941,2.909,0.274
1/12/2023 7:00,68.22943785,2.927,0.274
1/12/2023 8:00,68.22943785,2.932,0.274
1/12/2023 9:00,68.22943785,2.941,0.274
1/12/2023 10:00,68.22943785,2.994,0.272
1/12/2023 11:00,68.49940307,3.129,0.269
1/12/2023 12:00,68.22943785,3.316,0.266
1/12/2023 13:00,68.49940307,3.505,0.263
1/12/2023 14:00,68.77011941,3.707,0.26
1/12/2023 15:00,69.31381025,3.945,0.257
1/12/2023 16:00,69.86052005,4.189,0.254
1/12/2023 17:00,70.1350101,4.361,0.253
1/12/2023 18:00,71.51886024,4.409,0.253
1/12/2023 19:00,72.07774293,4.407,0.253
1/12/2023 20:00,72.92182158,4.366,0.255
1/12/2023 21:00,73.77283501,4.27,0.257
1/12/2023 22:00,74.0580529,4.082,0.26
1/12/2023 23:00,74.34404619,3.817,0.265
1/13/2023 0:00,74.63081611,3.568,0.268
1/13/2023 1:00,75.20669072,3.369,0.27
1/13/2023 2:00,75.49579784,3.192,0.273
1/13/2023 3:00,76.36781318,3.013,0.276
1/13/2023 4:00,76.36781318,2.874,0.277
1/13/2023 5:00,76.6600537,2.769,0.279
1/13/2023 6:00,76.95308062,2.651,0.281
1/13/2023 7:00,77.24689517,2.534,0.282
1/13/2023 8:00,78.72782533,2.48,0.282
1/13/2023 9:00,79.02639143,2.464,0.282
1/13/2023 10:00,79.32575376,2.496,0.28
1/13/2023 11:00,79.32575376,2.625,0.276
1/13/2023 12:00,79.32575376,2.842,0.272
1/13/2023 13:00,79.62591353,3.098,0.268
1/13/2023 14:00,80.53118986,3.392,0.263
1/13/2023 15:00,81.13871722,3.703,0.259
1/13/2023 16:00,81.44368754,3.949,0.256
1/13/2023 17:00,82.36343986,4.091,0.255
1/13/2023 18:00,83.29048013,4.15,0.255
1/13/2023 19:00,84.2248417,4.16,0.255
1/13/2023 20:00,84.85183329,4.157,0.255
1/13/2023 21:00,86.75251971,4.199,0.254
1/13/2023 22:00,90.97317981,4.236,0.252
1/13/2023 23:00,93.64117145,4.232,0.251
1/14/2023 0:00,97.39896086,4.221,0.251
1/14/2023 1:00,100.1977033,4.201,0.252
1/14/2023 2:00,102.6926333,4.173,0.252
1/14/2023 3:00,107.0709047,4.146,0.253
1/14/2023 4:00,116.218994,4.093,0.253
1/14/2023 5:00,125.9038766,3.995,0.254
1/14/2023 6:00,130.527052,3.94,0.255
1/14/2023 7:00,132.6674761,3.904,0.255
1/14/2023 14:00,123.4313598,4.311,0.242
1/14/2023 15:00,123.022624,4.447,0.241
1/14/2023 16:00,124.2516979,4.593,0.24
1/14/2023 17:00,122.2080125,4.694,0.239
1/14/2023 18:00,123.4313598,4.702,0.239
1/14/2023 19:00,123.8410507,4.656,0.24
1/14/2023 20:00,127.9907736,4.534,0.242
1/14/2023 21:00,129.6777313,4.403,0.243
1/14/2023 22:00,130.527052,4.287,0.245
1/14/2023 23:00,133.530522,4.187,0.246
1/15/2023 0:00,134.8324908,4.099,0.247
1/15/2023 1:00,139.6828853,4.023,0.247
1/15/2023 2:00,140.5777829,3.957,0.248
1/15/2023 3:00,138.7920058,3.895,0.249
1/15/2023 4:00,136.5823173,3.831,0.248
1/15/2023 5:00,136.5823173,3.777,0.247
1/15/2023 6:00,135.268459,3.727,0.246
1/16/2023 12:00,119.7869659,2.418,0.256
1/16/2023 13:00,119.3867678,2.525,0.254
1/16/2023 14:00,119.3867678,2.678,0.251
1/16/2023 15:00,118.9875119,2.945,0.247
1/16/2023 16:00,118.5891969,3.259,0.242
1/16/2023 17:00,118.1918216,3.514,0.24
1/16/2023 18:00,117.7953845,3.589,0.241
1/16/2023 19:00,117.3998845,3.482,0.243
1/16/2023 20:00,117.0053203,3.292,0.246
1/16/2023 21:00,115.8272293,3.052,0.25
1/16/2023 22:00,115.8272293,2.785,0.254
1/16/2023 23:00,114.2694641,2.532,0.258
1/17/2023 0:00,114.2694641,2.292,0.262
1/17/2023 1:00,113.8823398,2.058,0.266
1/17/2023 2:00,112.726507,1.833,0.27
1/17/2023 3:00,112.726507,1.629,0.274
1/17/2023 4:00,111.5789576,1.429,0.277
1/17/2023 5:00,111.5789576,1.24,0.281
1/17/2023 6:00,110.4396571,1.069,0.284
1/17/2023 7:00,109.6846891,0.922,0.288
1/17/2023 8:00,108.1856651,0.789,0.29
1/17/2023 9:00,108.5590603,0.654,0.293
1/17/2023 10:00,107.8131749,0.561,0.294
1/17/2023 11:00,107.4415885,0.542,0.294
1/17/2023 12:00,106.7011221,0.576,0.292
1/17/2023 13:00,105.9642556,0.63,0.29
1/17/2023 14:00,106.7011221,0.776,0.285
1/17/2023 15:00,104.8656836,1.019,0.279
1/17/2023 16:00,105.5971692,1.353,0.271
1/17/2023 17:00,105.5971692,1.72,0.265
1/17/2023 18:00,105.2309789,1.957,0.262
1/17/2023 19:00,104.8656836,2.035,0.263
1/17/2023 20:00,103.7751542,1.92,0.267
1/17/2023 21:00,104.1377725,1.716,0.272
1/17/2023 22:00,103.4134257,1.48,0.276
1/17/2023 23:00,102.6926333,1.258,0.281
1/18/2023 0:00,102.3335667,1.062,0.285
1/18/2023 1:00,101.6180867,0.884,0.288
1/19/2023 23:00,89.65946304,0.831,0.288
1/20/2023 0:00,88.68298202,0.54,0.296
1/20/2023 1:00,83.9125723,0.264,0.303
1/20/2023 2:00,73.20472057,0.11,0.305
1/20/2023 3:00,59.97992675,0.09,0.306
1/20/2023 4:00,46.85803734,0.086,0.308
1/20/2023 5:00,54.73339619,0.088,0.309
1/20/2023 13:00,198.0016541,0.098,0.302
1/20/2023 14:00,218.0852421,0.097,0.312
1/20/2023 15:00,188.4652934,0.095,0.315
1/20/2023 16:00,158.3582587,0.093,0.313
1/20/2023 17:00,153.5341314,0.093,0.309
1/20/2023 18:00,152.5818767,0.092,0.307
1/20/2023 19:00,150.2194408,0.092,0.307
1/20/2023 20:00,146.9554539,0.092,0.306
1/20/2023 21:00,135.268459,0.09,0.306
1/20/2023 22:00,128.8323086,0.089,0.307
1/20/2023 23:00,119.3867678,0.09,0.308
1/21/2023 0:00,129.2545333,0.089,0.309
1/21/2023 1:00,128.8323086,0.089,0.31
1/21/2023 2:00,122.614842,0.088,0.31
1/21/2023 3:00,116.6116905,0.089,0.311
1/21/2023 4:00,114.657514,0.091,0.311
1/21/2023 5:00,116.6116905,0.091,0.312
1/22/2023 14:00,87.7140121,0.105,0.302
1/22/2023 15:00,89.65946304,0.118,0.301
1/22/2023 16:00,88.68298202,0.124,0.3
1/22/2023 17:00,85.79847127,0.113,0.3
1/22/2023 18:00,84.2248417,0.104,0.299
1/22/2023 19:00,82.36343986,0.094,0.3
1/22/2023 20:00,80.83455174,0.086,0.3
1/22/2023 21:00,78.72782533,0.084,0.301
1/22/2023 22:00,77.24689517,0.087,0.302
1/22/2023 23:00,79.02639143,0.093,0.303
1/23/2023 0:00,79.32575376,0.094,0.304
1/23/2023 1:00,78.72782533,0.094,0.304
1/23/2023 2:00,76.36781318,0.09,0.304
1/23/2023 3:00,73.20472057,0.083,0.306
1/23/2023 4:00,66.8908361,0.078,0.307
1/23/2023 5:00,67.42403676,0.075,0.308
1/23/2023 6:00,74.0580529,0.074,0.308
1/23/2023 7:00,83.29048013,0.076,0.307
1/23/2023 8:00,86.43367811,0.078,0.307
1/23/2023 9:00,92.63430927,0.08,0.309
1/23/2023 10:00,96.02044046,0.08,0.309
1/23/2023 11:00,109.6846891,0.082,0.311
1/23/2023 12:00,113.8823398,0.089,0.313
1/23/2023 13:00,118.9875119,0.095,0.314
1/23/2023 14:00,137.9051338,0.1,0.313
1/23/2023 15:00,125.9038766,0.099,0.31
1/23/2023 16:00,107.8131749,0.1,0.308
1/23/2023 17:00,101.6180867,0.097,0.305
1/23/2023 18:00,93.64117145,0.097,0.304
1/23/2023 19:00,86.75251971,0.097,0.303
1/23/2023 20:00,82.36343986,0.099,0.303
1/23/2023 21:00,78.13307688,0.093,0.303
1/23/2023 22:00,76.6600537,0.09,0.304
1/23/2023 23:00,74.34404619,0.088,0.305
1/24/2023 0:00,72.07774293,0.088,0.305
1/24/2023 1:00,69.58678717,0.086,0.306
1/24/2023 2:00,64.52811525,0.086,0.307
1/24/2023 3:00,59.48892971,0.085,0.307
1/24/2023 4:00,53.58772061,0.084,0.308
1/24/2023 5:00,47.90074682,0.083,0.309
1/24/2023 6:00,56.36616243,0.081,0.31
1/24/2023 7:00,61.21989135,0.083,0.311
1/24/2023 8:00,63.497128,0.084,0.312
1/24/2023 9:00,66.62535217,0.086,0.313
1/24/2023 10:00,69.31381025,0.09,0.313
1/24/2023 11:00,71.51886024,0.09,0.313
1/24/2023 12:00,74.63081611,0.092,0.313
1/24/2023 13:00,84.53792828,0.093,0.313
1/24/2023 14:00,94.31667731,0.091,0.312
1/24/2023 15:00,86.11566238,0.097,0.309
1/24/2023 16:00,83.29048013,0.114,0.306
1/24/2023 17:00,80.83455174,0.113,0.304
1/24/2023 18:00,79.02639143,0.11,0.302
1/24/2023 19:00,77.54149858,0.109,0.301
1/24/2023 20:00,76.95308062,0.111,0.301
1/24/2023 21:00,76.6600537,0.111,0.301
1/24/2023 22:00,74.34404619,0.114,0.302
1/24/2023 23:00,73.48839131,0.116,0.302
1/25/2023 0:00,73.77283501,0.112,0.303
1/25/2023 1:00,72.35833398,0.102,0.304
1/25/2023 2:00,71.51886024,0.097,0.304
1/25/2023 3:00,70.41025852,0.096,0.305
1/25/2023 4:00,69.58678717,0.096,0.305
1/25/2023 5:00,69.31381025,0.103,0.305
1/25/2023 6:00,69.04158806,0.109,0.305
1/25/2023 7:00,68.77011941,0.108,0.305
1/25/2023 8:00,67.96022253,0.106,0.305
1/25/2023 9:00,67.6917559,0.11,0.305
1/25/2023 10:00,68.22943785,0.125,0.304
1/25/2023 11:00,68.22943785,0.149,0.303
1/25/2023 12:00,68.49940307,0.177,0.301
1/25/2023 13:00,68.49940307,0.21,0.299
1/25/2023 14:00,69.31381025,0.278,0.296
1/25/2023 15:00,69.31381025,0.351,0.293
1/25/2023 16:00,70.41025852,0.42,0.29
1/25/2023 17:00,70.96303535,0.514,0.287
1/25/2023 18:00,70.41025852,0.574,0.286
1/25/2023 19:00,70.41025852,0.646,0.284
1/25/2023 20:00,69.86052005,0.732,0.282
1/25/2023 21:00,70.1350101,0.806,0.282
1/25/2023 22:00,69.04158806,0.863,0.282
1/25/2023 23:00,68.77011941,0.907,0.282
1/26/2023 0:00,68.77011941,0.914,0.283
1/26/2023 1:00,68.49940307,0.892,0.284
1/26/2023 2:00,67.42403676,0.839,0.286
1/26/2023 3:00,67.1570639,0.781,0.288
1/26/2023 4:00,66.8908361,0.756,0.288
1/26/2023 5:00,66.62535217,0.775,0.287
1/26/2023 6:00,66.09661108,0.811,0.286
1/26/2023 7:00,66.3606109,0.854,0.285
1/26/2023 8:00,66.3606109,0.905,0.284
1/26/2023 9:00,66.09661108,0.957,0.283
1/26/2023 10:00,66.62535217,1.013,0.282
1/26/2023 11:00,66.62535217,1.093,0.28
1/26/2023 12:00,67.42403676,1.149,0.278
1/26/2023 13:00,67.6917559,1.237,0.276
1/26/2023 14:00,68.49940307,1.324,0.273
1/26/2023 15:00,70.1350101,1.401,0.271
1/26/2023 16:00,71.51886024,1.508,0.267
1/26/2023 17:00,71.24056618,1.604,0.265
1/26/2023 18:00,70.96303535,1.73,0.262
1/26/2023 19:00,70.96303535,1.818,0.262
1/26/2023 20:00,70.1350101,1.847,0.262
1/26/2023 21:00,70.68626653,1.824,0.264
1/26/2023 22:00,69.58678717,1.788,0.265
1/26/2023 23:00,69.58678717,1.742,0.267
1/27/2023 0:00,69.31381025,1.693,0.268
1/27/2023 1:00,69.31381025,1.659,0.269
1/27/2023 2:00,69.04158806,1.626,0.27
1/27/2023 3:00,68.77011941,1.615,0.27
1/27/2023 4:00,68.49940307,1.606,0.27
1/27/2023 5:00,68.49940307,1.602,0.27
1/27/2023 6:00,68.49940307,1.598,0.27
1/27/2023 7:00,68.49940307,1.603,0.27
1/27/2023 8:00,68.49940307,1.608,0.27
1/27/2023 9:00,68.22943785,1.617,0.269
1/27/2023 10:00,68.49940307,1.624,0.269
1/27/2023 11:00,68.77011941,1.631,0.268
1/27/2023 12:00,69.31381025,1.702,0.265
1/27/2023 13:00,69.86052005,1.807,0.263
1/27/2023 14:00,70.68626653,1.907,0.26
1/27/2023 15:00,70.96303535,2.016,0.258
1/27/2023 16:00,71.24056618,2.13,0.255
1/27/2023 17:00,71.79791875,2.205,0.254
1/27/2023 18:00,71.24056618,2.288,0.253
1/27/2023 19:00,71.51886024,2.307,0.253
1/27/2023 20:00,70.96303535,2.294,0.254
1/27/2023 21:00,70.96303535,2.278,0.255
1/27/2023 22:00,70.96303535,2.234,0.256
1/27/2023 23:00,70.1350101,2.169,0.258
1/28/2023 0:00,69.86052005,2.061,0.261
1/28/2023 1:00,69.31381025,1.922,0.264
1/28/2023 2:00,68.77011941,1.798,0.267
1/28/2023 3:00,68.77011941,1.712,0.269
1/28/2023 4:00,68.77011941,1.65,0.27
1/28/2023 5:00,68.22943785,1.602,0.271
1/28/2023 6:00,68.22943785,1.572,0.271
1/28/2023 7:00,68.22943785,1.552,0.271
1/28/2023 8:00,67.96022253,1.535,0.272
1/28/2023 9:00,66.8908361,1.506,0.272
1/28/2023 10:00,66.62535217,1.521,0.271
1/28/2023 11:00,66.62535217,1.576,0.27
1/28/2023 12:00,66.3606109,1.679,0.267
1/28/2023 13:00,66.3606109,1.82,0.263
1/28/2023 14:00,66.62535217,1.958,0.26
1/28/2023 15:00,66.8908361,2.101,0.257
1/28/2023 16:00,67.1570639,2.227,0.256
1/28/2023 17:00,66.8908361,2.264,0.256
1/28/2023 18:00,66.8908361,2.26,0.256
1/28/2023 19:00,66.8908361,2.19,0.258
1/28/2023 20:00,66.8908361,2.084,0.261
1/28/2023 21:00,66.8908361,1.986,0.263
1/28/2023 22:00,66.8908361,1.883,0.265
1/28/2023 23:00,66.3606109,1.775,0.268
1/29/2023 0:00,66.3606109,1.638,0.272
1/29/2023 1:00,65.57083099,1.418,0.278
1/29/2023 2:00,65.83335151,1.159,0.284
1/29/2023 3:00,65.3090483,0.909,0.289
1/29/2023 4:00,65.04800225,0.719,0.292
1/29/2023 5:00,64.52811525,0.566,0.296
1/29/2023 6:00,64.01116037,0.418,0.3
1/29/2023 12:00,74.91836388,0.105,0.31
1/29/2023 13:00,107.8131749,0.106,0.309
1/29/2023 14:00,86.11566238,0.106,0.308
1/29/2023 15:00,62.73153818,0.11,0.306
1/29/2023 16:00,58.27382575,0.126,0.305
1/29/2023 17:00,65.3090483,0.13,0.305
1/29/2023 18:00,65.57083099,0.104,0.306
1/29/2023 19:00,60.47376976,0.077,0.304
1/29/2023 20:00,57.31440673,0.077,0.299
1/29/2023 21:00,45.42523106,0.074,0.284
1/30/2023 14:00,398.8806849,0.093,0.279
1/30/2023 15:00,463.9849778,0.087,0.28
1/30/2023 16:00,519.1617631,0.084,0.28
1/30/2023 17:00,538.5361021,0.083,0.278
1/30/2023 18:00,535.0807306,0.082,0.276
1/31/2023 11:00,640.4979051,0.087,0.274
1/31/2023 12:00,676.3999977,0.088,0.274
1/31/2023 13:00,677.7562813,0.089,0.274
1/31/2023 14:00,617.3223306,0.089,0.274
1/31/2023 15:00,558.4139038,0.089,0.274
1/31/2023 16:00,515.7944616,0.09,0.272
1/31/2023 17:00,478.6985236,0.091,0.27
1/31/2023 18:00,425.656059,0.092,0.269
1/31/2023 19:00,393.3014179,0.093,0.269
2/1/2023 11:00,66.09661108,0.094,0.288
2/1/2023 12:00,62.98600856,0.097,0.284
2/1/2023 13:00,62.47779244,0.096,0.286
2/1/2023 14:00,62.47779244,0.099,0.295
2/1/2023 15:00,66.09661108,0.097,0.303
2/1/2023 16:00,66.8908361,0.096,0.31
2/1/2023 17:00,64.01116037,0.099,0.312
2/1/2023 18:00,63.24120477,0.101,0.31
2/1/2023 19:00,61.97247007,0.1,0.309
2/1/2023 20:00,61.21989135,0.099,0.308
2/2/2023 11:00,54.27307797,0.095,0.318
2/2/2023 12:00,54.27307797,0.096,0.318
2/2/2023 13:00,54.73339619,0.099,0.317
2/2/2023 14:00,55.19645606,0.102,0.317
2/2/2023 15:00,56.36616243,0.104,0.315
2/2/2023 16:00,57.55321089,0.104,0.312
2/2/2023 17:00,58.03291922,0.103,0.31
2/2/2023 18:00,57.79271466,0.102,0.307
2/2/2023 19:00,58.27382575,0.102,0.306
2/2/2023 20:00,58.27382575,0.102,0.306
2/3/2023 10:00,56.60218002,0.109,0.312
2/3/2023 11:00,57.55321089,0.112,0.311
2/3/2023 12:00,57.79271466,0.119,0.31
2/3/2023 13:00,58.75774952,0.126,0.308
2/3/2023 14:00,59.48892971,0.13,0.306
2/3/2023 15:00,59.73407308,0.127,0.304
2/3/2023 16:00,60.22649191,0.128,0.303
2/3/2023 17:00,60.97046828,0.123,0.302
2/3/2023 18:00,61.21989135,0.12,0.301
2/3/2023 19:00,61.72089104,0.119,0.3
2/3/2023 20:00,61.21989135,0.12,0.3
2/3/2023 21:00,62.22477013,0.122,0.3
2/3/2023 22:00,61.21989135,0.125,0.301
2/3/2023 23:00,60.47376976,0.129,0.301
2/4/2023 0:00,60.72176149,0.131,0.301
2/4/2023 1:00,59.97992675,0.134,0.302
2/4/2023 11:00,57.07630099,0.153,0.301
2/4/2023 12:00,56.83889248,0.16,0.301
2/4/2023 13:00,57.55321089,0.166,0.301
2/4/2023 14:00,58.03291922,0.171,0.3
2/4/2023 15:00,58.27382575,0.185,0.298
2/4/2023 16:00,59.48892971,0.2,0.295
2/4/2023 17:00,59.73407308,0.202,0.294
2/4/2023 18:00,60.22649191,0.198,0.292
2/4/2023 19:00,59.73407308,0.197,0.292
2/4/2023 20:00,59.97992675,0.202,0.291
2/4/2023 21:00,59.73407308,0.208,0.292
2/4/2023 22:00,59.73407308,0.209,0.293
2/4/2023 23:00,59.73407308,0.212,0.294
2/5/2023 0:00,60.22649191,0.218,0.295
2/5/2023 1:00,59.24449545,0.221,0.295
2/5/2023 11:00,59.48892971,0.346,0.29
2/5/2023 12:00,61.21989135,0.382,0.289
2/5/2023 13:00,61.72089104,0.397,0.289
2/5/2023 14:00,64.52811525,0.416,0.288
2/5/2023 15:00,64.01116037,0.335,0.288
2/5/2023 16:00,64.26927189,0.334,0.285
2/5/2023 17:00,62.98600856,0.346,0.283
2/5/2023 18:00,63.24120477,0.385,0.282
2/5/2023 19:00,62.98600856,0.428,0.281
2/5/2023 20:00,62.22477013,0.508,0.28
2/5/2023 21:00,60.97046828,0.607,0.279
2/6/2023 11:00,58.27382575,1.091,0.275
2/6/2023 12:00,58.27382575,1.194,0.273
2/6/2023 13:00,58.51543546,1.259,0.272
2/6/2023 14:00,59.48892971,1.295,0.271
2/6/2023 15:00,60.47376976,1.27,0.27
2/6/2023 16:00,61.21989135,1.316,0.266
2/6/2023 17:00,60.97046828,1.416,0.263
2/6/2023 18:00,60.47376976,1.56,0.261
2/6/2023 19:00,60.72176149,1.665,0.26
2/6/2023 20:00,59.97992675,1.71,0.261
2/6/2023 21:00,59.48892971,1.727,0.262
2/7/2023 11:00,55.42901706,0.884,0.284
2/7/2023 12:00,55.89620711,0.905,0.284
2/7/2023 13:00,55.42901706,0.958,0.281
2/7/2023 14:00,55.89620711,1.092,0.276
2/7/2023 15:00,56.36616243,1.332,0.27
2/7/2023 16:00,57.07630099,1.592,0.264
2/7/2023 17:00,57.55321089,1.858,0.259
2/7/2023 18:00,57.79271466,2.051,0.256
2/7/2023 19:00,57.79271466,2.177,0.255
2/7/2023 20:00,57.79271466,2.233,0.255
2/7/2023 21:00,57.79271466,2.251,0.256
2/8/2023 12:00,56.60218002,1.29,0.278
2/8/2023 13:00,56.83889248,1.246,0.278
2/8/2023 14:00,56.83889248,1.295,0.274
2/8/2023 15:00,56.83889248,1.478,0.269
2/8/2023 16:00,56.83889248,1.681,0.265
2/8/2023 17:00,56.83889248,1.837,0.263
2/8/2023 18:00,57.31440673,1.93,0.262
2/8/2023 19:00,56.36616243,1.964,0.262
2/9/2023 12:00,51.78991381,0.1,0.31
2/9/2023 13:00,85.16655797,0.099,0.31
2/9/2023 14:00,117.3998845,0.089,0.307
2/9/2023 15:00,62.22477013,0.11,0.302
2/9/2023 16:00,56.83889248,0.239,0.295
2/9/2023 17:00,56.13083852,0.581,0.283
2/9/2023 18:00,55.66226702,0.998,0.275
2/9/2023 19:00,55.42901706,1.256,0.272
2/10/2023 16:00,77.83689208,0.085,0.295
2/10/2023 17:00,68.49940307,0.09,0.293
2/10/2023 18:00,58.51543546,0.163,0.285
2/11/2023 11:00,-6999,0,0.304
2/11/2023 12:00,-6999,0,0.303
2/11/2023 13:00,-6999,0,0.303
2/11/2023 14:00,-6999,0,0.298
2/11/2023 15:00,-6999,0,0.292
2/11/2023 16:00,-6999,0,0.284
2/11/2023 17:00,-6999,0,0.271
2/11/2023 18:00,-6999,0,0.264
2/12/2023 12:00,68.77011941,0.097,0.303
2/12/2023 13:00,99.49277982,0.093,0.302
2/12/2023 14:00,132.2374293,0.089,0.297
2/12/2023 15:00,64.26927189,0.109,0.292
2/12/2023 16:00,57.55321089,0.24,0.284
2/12/2023 17:00,57.31440673,0.604,0.271
2/12/2023 18:00,56.36616243,1.043,0.264
2/13/2023 9:00,57.79271466,0.209,0.293
2/13/2023 10:00,66.62535217,0.22,0.293
2/13/2023 11:00,66.3606109,0.206,0.293
2/13/2023 12:00,56.60218002,0.26,0.29
2/13/2023 13:00,55.89620711,0.37,0.285
2/13/2023 14:00,55.89620711,0.629,0.276
2/13/2023 15:00,56.60218002,1.028,0.266
2/13/2023 16:00,56.83889248,1.428,0.259
2/13/2023 17:00,57.07630099,1.733,0.255
2/14/2023 15:00,58.51543546,0.475,0.277
2/14/2023 16:00,58.03291922,0.569,0.274
2/14/2023 17:00,56.83889248,0.699,0.272
2/15/2023 15:00,206.1061603,2.388,0.301
2/15/2023 16:00,142.3796743,0.333,0.296
2/15/2023 17:00,96.36377431,0.095,0.293
2/15/2023 18:00,71.51886024,0.086,0.29
2/16/2023 14:00,248.8222628,0.077,0.302
2/16/2023 15:00,220.5385345,1.696,0.299
2/16/2023 16:00,127.1531159,0.12,0.294
2/16/2023 17:00,82.67164187,0.082,0.29
2/16/2023 18:00,67.42403676,0.083,0.289
2/17/2023 14:00,451.629259,1.948,0.286
2/17/2023 15:00,591.0377784,0.293,0.281
2/17/2023 16:00,494.8242719,0.085,0.276
2/17/2023 17:00,367.1069589,0.076,0.273
2/17/2023 18:00,226.7566768,0.075,0.27
2/17/2023 19:00,172.9508945,0.076,0.269
2/18/2023 9:00,124.2516979,0.082,0.281
2/18/2023 10:00,130.1019037,0.083,0.282
2/18/2023 11:00,133.9635237,0.083,0.278
2/18/2023 12:00,162.7903336,0.081,0.283
2/18/2023 13:00,160.8098876,0.079,0.297
2/18/2023 14:00,95.6779687,0.086,0.3
2/18/2023 15:00,75.20669072,0.098,0.297
2/18/2023 16:00,62.22477013,0.11,0.294
2/18/2023 17:00,59.73407308,0.129,0.292
2/18/2023 18:00,58.51543546,0.21,0.288
2/19/2023 10:00,43.82582839,0.122,0.299
2/19/2023 11:00,58.27382575,0.153,0.298
2/19/2023 12:00,69.31381025,0.172,0.298
2/19/2023 13:00,56.13083852,0.278,0.291
2/19/2023 14:00,55.19645606,0.528,0.284
2/19/2023 15:00,55.42901706,0.823,0.277
2/19/2023 16:00,56.13083852,1.084,0.271
2/19/2023 17:00,55.89620711,1.321,0.266
2/19/2023 18:00,57.07630099,1.524,0.263
2/19/2023 19:00,56.83889248,1.606,0.262
2/20/2023 9:00,56.60218002,1.438,0.269
2/20/2023 10:00,56.60218002,1.455,0.268
2/20/2023 11:00,56.60218002,1.533,0.265
2/20/2023 12:00,57.07630099,1.632,0.263
2/20/2023 13:00,57.55321089,1.749,0.26
2/20/2023 14:00,59.48892971,1.978,0.252
2/20/2023 15:00,61.97247007,2.38,0.244
2/20/2023 16:00,63.24120477,2.793,0.236
2/20/2023 17:00,63.497128,3.155,0.231
2/20/2023 18:00,64.26927189,3.355,0.229
2/20/2023 19:00,63.497128,3.368,0.23
2/20/2023 20:00,63.497128,3.305,0.232
2/20/2023 21:00,63.24120477,3.21,0.235
2/20/2023 22:00,63.24120477,3.096,0.237
2/20/2023 23:00,63.497128,2.991,0.239
2/21/2023 0:00,63.24120477,2.89,0.241
2/21/2023 1:00,63.24120477,2.792,0.243
2/21/2023 2:00,63.24120477,2.701,0.245
2/21/2023 3:00,64.52811525,2.611,0.247
2/21/2023 9:00,62.73153818,2.305,0.25
2/21/2023 10:00,62.47779244,2.286,0.25
2/21/2023 11:00,62.47779244,2.291,0.25
2/21/2023 12:00,62.73153818,2.311,0.249
2/21/2023 13:00,62.47779244,2.268,0.25
2/21/2023 14:00,62.47779244,2.346,0.246
2/21/2023 15:00,62.47779244,2.576,0.242
2/21/2023 16:00,62.73153818,2.791,0.239
2/21/2023 17:00,63.497128,2.911,0.238
2/21/2023 18:00,61.97247007,2.903,0.239
2/21/2023 19:00,62.47779244,2.783,0.242
2/21/2023 20:00,61.97247007,2.549,0.246
2/21/2023 21:00,61.47003187,2.217,0.253
2/21/2023 22:00,60.72176149,1.883,0.259
2/21/2023 23:00,60.47376976,1.545,0.266
2/22/2023 0:00,59.97992675,1.262,0.272
2/22/2023 9:00,46.85803734,0.108,0.3
2/22/2023 10:00,59.73407308,0.112,0.301
2/22/2023 11:00,75.78568648,0.1,0.301
2/22/2023 12:00,82.67164187,0.132,0.298
2/22/2023 13:00,83.29048013,0.163,0.296
2/22/2023 14:00,59.48892971,0.3,0.288
2/22/2023 15:00,55.89620711,0.568,0.281
2/22/2023 16:00,56.83889248,0.861,0.275
2/22/2023 17:00,57.79271466,1.095,0.271
2/22/2023 18:00,57.79271466,1.211,0.27
2/22/2023 19:00,57.79271466,1.188,0.271
2/22/2023 20:00,57.79271466,1.086,0.275
2/22/2023 21:00,58.27382575,0.886,0.281
2/22/2023 22:00,57.31440673,0.515,0.289
2/23/2023 10:00,56.13083852,0.088,0.302
2/23/2023 11:00,64.52811525,0.1,0.301
2/23/2023 12:00,79.32575376,0.107,0.3
2/23/2023 13:00,74.63081611,0.11,0.299
2/23/2023 14:00,66.09661108,0.155,0.295
2/23/2023 15:00,63.497128,0.224,0.291
2/23/2023 16:00,59.73407308,0.318,0.287
2/23/2023 17:00,59.00076912,0.408,0.286
2/23/2023 18:00,58.03291922,0.438,0.285
2/23/2023 19:00,57.79271466,0.437,0.286
2/23/2023 20:00,57.07630099,0.363,0.288
2/23/2023 21:00,56.83889248,0.279,0.291
2/23/2023 22:00,56.13083852,0.189,0.294
2/23/2023 23:00,41.88284615,0.086,0.298
2/24/2023 0:00,37.11584365,0.065,0.297
2/24/2023 9:00,103.7751542,0.076,0.271
2/24/2023 10:00,117.0053203,0.076,0.273
2/24/2023 11:00,132.2374293,0.076,0.276
2/24/2023 12:00,158.3582587,0.075,0.277
2/24/2023 13:00,228.645926,0.074,0.275
2/24/2023 14:00,277.3905275,0.074,0.269
2/24/2023 15:00,202.0252977,0.074,0.27
2/24/2023 16:00,127.1531159,0.075,0.268
2/24/2023 17:00,95.6779687,0.075,0.26
2/24/2023 18:00,80.83455174,0.075,0.262
2/24/2023 19:00,62.98600856,0.173,0.276
2/24/2023 20:00,59.24449545,0.46,0.276
2/24/2023 21:00,58.75774952,0.555,0.277
2/24/2023 22:00,58.27382575,0.525,0.279
2/24/2023 23:00,57.31440673,0.452,0.282
2/25/2023 0:00,57.07630099,0.353,0.285
2/25/2023 1:00,57.07630099,0.243,0.291
2/25/2023 2:00,52.68341864,0.125,0.294
2/25/2023 3:00,46.44546489,0.065,0.296
2/25/2023 4:00,39.26565563,0.061,0.296
2/25/2023 5:00,28.74850158,0.058,0.297
2/25/2023 6:00,30.39442691,0.059,0.298
2/25/2023 7:00,46.03545646,0.064,0.299
2/25/2023 8:00,53.13421529,0.069,0.3
2/25/2023 9:00,52.68341864,0.071,0.299
2/25/2023 10:00,61.72089104,0.071,0.299
2/25/2023 11:00,103.7751542,0.073,0.3
2/25/2023 12:00,151.6337874,0.074,0.301
2/25/2023 13:00,279.5674217,0.075,0.3
2/25/2023 14:00,328.928262,0.074,0.297
2/25/2023 15:00,131.3802812,0.075,0.292
2/25/2023 16:00,96.36377431,0.076,0.288
2/25/2023 17:00,67.42403676,0.328,0.274
2/25/2023 18:00,61.21989135,1.279,0.258
2/25/2023 19:00,60.47376976,1.711,0.254
2/25/2023 20:00,59.73407308,1.838,0.254
2/25/2023 21:00,59.73407308,1.788,0.257
2/25/2023 22:00,59.48892971,1.676,0.26
2/25/2023 23:00,59.00076912,1.513,0.264
2/26/2023 0:00,59.00076912,1.324,0.268
2/26/2023 1:00,58.51543546,1.138,0.273
2/26/2023 2:00,58.75774952,0.945,0.277
2/26/2023 3:00,58.51543546,0.761,0.281
2/26/2023 4:00,59.00076912,0.589,0.285
2/26/2023 5:00,58.75774952,0.442,0.288
2/26/2023 6:00,58.27382575,0.34,0.29
2/26/2023 7:00,58.27382575,0.282,0.29
2/26/2023 8:00,57.79271466,0.301,0.29
2/26/2023 9:00,57.79271466,0.364,0.288
2/26/2023 10:00,57.79271466,0.466,0.286
2/26/2023 11:00,57.79271466,0.595,0.282
2/26/2023 12:00,57.55321089,0.715,0.28
2/26/2023 13:00,57.79271466,0.839,0.276
2/26/2023 14:00,58.75774952,0.916,0.275
2/26/2023 15:00,59.48892971,0.867,0.275
2/26/2023 16:00,59.73407308,0.959,0.271
2/26/2023 17:00,59.48892971,1.059,0.268
2/26/2023 18:00,59.97992675,1.165,0.267
2/26/2023 19:00,61.21989135,0.771,0.278
2/26/2023 20:00,61.47003187,0.469,0.279
2/26/2023 21:00,58.75774952,0.452,0.279
2/26/2023 22:00,62.98600856,0.403,0.281
2/26/2023 23:00,63.497128,0.384,0.282
2/27/2023 0:00,61.72089104,0.329,0.284
2/27/2023 1:00,60.22649191,0.232,0.288
2/27/2023 2:00,57.07630099,0.156,0.291
2/27/2023 3:00,50.03499538,0.101,0.293
2/27/2023 4:00,47.27318306,0.08,0.294
2/27/2023 5:00,45.42523106,0.083,0.295
2/27/2023 6:00,45.83141085,0.086,0.296
2/27/2023 7:00,48.74659163,0.088,0.296
2/27/2023 8:00,51.56821586,0.095,0.296
2/27/2023 9:00,57.55321089,0.11,0.296
2/27/2023 10:00,67.6917559,0.119,0.295
2/27/2023 11:00,76.07635785,0.121,0.293
2/27/2023 12:00,68.49940307,0.132,0.292
2/27/2023 13:00,58.75774952,0.235,0.286
2/27/2023 14:00,57.79271466,0.545,0.276
2/27/2023 15:00,58.27382575,1.045,0.265
2/27/2023 16:00,58.51543546,1.534,0.256
2/27/2023 17:00,58.75774952,1.836,0.255
2/27/2023 18:00,58.27382575,1.978,0.255
2/27/2023 19:00,58.27382575,1.995,0.255
2/27/2023 20:00,59.73407308,1.667,0.264
2/27/2023 21:00,60.97046828,1.009,0.272
2/27/2023 22:00,49.8186163,0.754,0.276
2/27/2023 23:00,57.31440673,0.595,0.278
2/28/2023 0:00,59.73407308,0.556,0.279
2/28/2023 1:00,57.07630099,0.506,0.281
2/28/2023 2:00,60.97046828,0.47,0.283
2/28/2023 3:00,63.75377947,0.428,0.284
2/28/2023 4:00,60.47376976,0.381,0.285
2/28/2023 5:00,58.75774952,0.36,0.285
2/28/2023 6:00,57.79271466,0.342,0.286
2/28/2023 7:00,57.79271466,0.328,0.286
2/28/2023 8:00,58.27382575,0.321,0.287
2/28/2023 12:00,57.55321089,0.749,0.274
2/28/2023 13:00,57.79271466,0.875,0.271
2/28/2023 14:00,57.79271466,1.14,0.265
2/28/2023 15:00,58.03291922,1.384,0.26
2/28/2023 16:00,57.55321089,1.548,0.258
2/28/2023 17:00,57.79271466,1.65,0.256
2/28/2023 18:00,58.03291922,1.738,0.254
2/28/2023 19:00,57.79271466,1.691,0.257
2/28/2023 20:00,57.79271466,1.546,0.26
2/28/2023 21:00,58.03291922,1.41,0.263
2/28/2023 22:00,57.79271466,1.263,0.267
2/28/2023 23:00,57.55321089,1.134,0.27
3/1/2023 0:00,57.55321089,1.004,0.274
3/1/2023 12:00,56.60218002,0.473,0.283
3/1/2023 13:00,56.83889248,0.583,0.278
3/1/2023 14:00,57.07630099,0.928,0.269
3/1/2023 15:00,57.31440673,1.478,0.257
3/1/2023 16:00,58.03291922,1.996,0.249
3/1/2023 17:00,58.03291922,2.348,0.245
3/1/2023 18:00,58.03291922,2.475,0.246
3/1/2023 19:00,57.55321089,2.456,0.247
3/1/2023 20:00,57.07630099,2.283,0.25
3/1/2023 21:00,56.83889248,1.999,0.255
3/1/2023 22:00,56.60218002,1.684,0.261
3/1/2023 23:00,56.60218002,1.364,0.268
3/2/2023 0:00,56.13083852,1.046,0.275
3/2/2023 1:00,56.36616243,0.772,0.281
3/2/2023 2:00,56.13083852,0.53,0.287
3/2/2023 3:00,55.42901706,0.33,0.291
3/2/2023 4:00,38.35953841,0.174,0.295
3/2/2023 5:00,30.39442691,0.086,0.297
3/2/2023 6:00,24.18756465,0.071,0.298
3/2/2023 7:00,20.50650753,0.061,0.298
3/2/2023 8:00,22.53985862,0.06,0.298
3/2/2023 9:00,36.7657839,0.074,0.298
3/2/2023 10:00,51.56821586,0.09,0.3
3/2/2023 11:00,82.98065488,0.115,0.299
3/2/2023 12:00,125.4893909,0.108,0.296
3/2/2023 13:00,95.33635776,0.12,0.294
3/2/2023 14:00,73.48839131,0.195,0.289
3/2/2023 15:00,64.78769163,0.312,0.284
3/2/2023 16:00,60.47376976,0.536,0.277
3/2/2023 17:00,59.73407308,0.832,0.271
3/2/2023 18:00,59.24449545,1.061,0.267
3/2/2023 19:00,59.00076912,1.187,0.266
3/2/2023 20:00,58.75774952,1.234,0.266
3/2/2023 21:00,58.27382575,1.252,0.266
3/2/2023 22:00,58.51543546,1.265,0.267
3/2/2023 23:00,58.03291922,1.264,0.268
3/3/2023 0:00,58.03291922,1.259,0.269
3/3/2023 1:00,58.27382575,1.228,0.27
3/3/2023 2:00,58.27382575,1.168,0.272
3/3/2023 3:00,58.51543546,1.124,0.272
3/3/2023 4:00,58.27382575,1.08,0.273
3/3/2023 5:00,58.03291922,1.04,0.274
3/3/2023 6:00,58.27382575,0.981,0.275
3/3/2023 7:00,58.03291922,0.893,0.278
3/3/2023 8:00,57.55321089,0.742,0.281
3/3/2023 9:00,58.03291922,0.606,0.284
3/3/2023 10:00,57.31440673,0.527,0.287
3/3/2023 11:00,56.83889248,0.47,0.286
3/3/2023 12:00,57.55321089,0.483,0.288
3/3/2023 13:00,57.07630099,0.688,0.28
3/3/2023 14:00,57.07630099,1.066,0.271
3/3/2023 15:00,57.79271466,1.456,0.261
3/3/2023 16:00,57.55321089,1.78,0.256
3/3/2023 17:00,57.79271466,2.002,0.252
3/3/2023 18:00,58.03291922,2.156,0.25
3/3/2023 19:00,57.79271466,2.126,0.252
3/3/2023 20:00,57.79271466,1.938,0.256
3/3/2023 21:00,57.07630099,1.679,0.261
3/3/2023 22:00,57.07630099,1.437,0.266
3/3/2023 23:00,57.07630099,1.2,0.271
3/4/2023 0:00,57.31440673,0.958,0.277
3/4/2023 1:00,57.07630099,0.737,0.282
3/4/2023 2:00,57.07630099,0.549,0.286
3/4/2023 3:00,56.83889248,0.387,0.29
3/4/2023 4:00,52.0122819,0.247,0.294
3/4/2023 5:00,39.81649956,0.145,0.296
3/4/2023 6:00,37.11584365,0.096,0.297
3/4/2023 7:00,35.38876298,0.099,0.297
3/4/2023 8:00,37.46824324,0.114,0.297
3/4/2023 9:00,42.45923619,0.146,0.296
3/4/2023 10:00,78.72782533,0.15,0.297
3/4/2023 11:00,99.49277982,0.138,0.296
3/4/2023 12:00,74.63081611,0.211,0.291
3/4/2023 13:00,59.97992675,0.531,0.28
3/4/2023 14:00,59.00076912,0.934,0.271
3/4/2023 15:00,58.51543546,1.326,0.263
3/4/2023 16:00,58.27382575,1.633,0.257
3/4/2023 17:00,58.75774952,1.878,0.253
3/4/2023 18:00,58.51543546,2.029,0.251
3/4/2023 19:00,58.51543546,2.025,0.252
3/4/2023 20:00,59.00076912,1.914,0.255
3/4/2023 21:00,58.51543546,1.775,0.258
3/4/2023 22:00,58.27382575,1.686,0.259
3/4/2023 23:00,58.27382575,1.604,0.262
3/5/2023 0:00,58.75774952,1.461,0.266
3/5/2023 1:00,59.48892971,1.118,0.274
3/5/2023 2:00,59.97992675,0.807,0.28
3/5/2023 3:00,60.22649191,0.598,0.283
3/5/2023 4:00,60.22649191,0.524,0.283
3/5/2023 5:00,59.00076912,0.471,0.284
3/5/2023 6:00,57.55321089,0.427,0.285
3/5/2023 7:00,56.83889248,0.329,0.288
3/5/2023 8:00,52.90847897,0.174,0.293
3/5/2023 9:00,39.08323962,0.088,0.294
3/5/2023 10:00,36.24506175,0.088,0.294
3/5/2023 11:00,37.82299172,0.145,0.291
3/5/2023 12:00,61.21989135,0.266,0.288
3/5/2023 13:00,84.85183329,0.253,0.287
3/5/2023 14:00,59.97992675,0.451,0.28
3/5/2023 15:00,55.89620711,0.792,0.272
3/5/2023 16:00,56.13083852,1.134,0.264
3/5/2023 17:00,56.83889248,1.411,0.26
3/5/2023 18:00,59.24449545,1.515,0.26
3/5/2023 19:00,61.97247007,1.347,0.264
3/5/2023 20:00,62.73153818,1.12,0.268
3/5/2023 21:00,62.98600856,0.968,0.271
3/5/2023 22:00,63.497128,0.824,0.274
3/5/2023 23:00,63.24120477,0.677,0.277
3/6/2023 0:00,61.97247007,0.578,0.28
3/6/2023 1:00,60.72176149,0.494,0.283
3/6/2023 2:00,59.48892971,0.38,0.286
3/6/2023 3:00,54.04394403,0.21,0.291
3/6/2023 4:00,41.69194671,0.097,0.293
3/6/2023 5:00,41.12292407,0.079,0.294
3/6/2023 6:00,42.45923619,0.099,0.294
3/6/2023 7:00,39.63228447,0.119,0.293
3/6/2023 8:00,53.13421529,0.115,0.294
3/6/2023 9:00,65.57083099,0.117,0.294
3/6/2023 10:00,75.49579784,0.139,0.293
3/6/2023 11:00,86.75251971,0.171,0.291
3/6/2023 12:00,67.6917559,0.24,0.287
3/6/2023 13:00,59.00076912,0.517,0.277
3/6/2023 14:00,58.75774952,0.925,0.269
3/6/2023 15:00,58.51543546,1.28,0.262
3/6/2023 16:00,58.27382575,1.535,0.257
3/6/2023 17:00,58.51543546,1.716,0.254
3/6/2023 18:00,58.27382575,1.817,0.253
3/6/2023 19:00,57.79271466,1.801,0.255
3/6/2023 20:00,58.03291922,1.615,0.26
3/6/2023 21:00,57.55321089,1.36,0.265
3/6/2023 22:00,57.31440673,1.121,0.271
3/6/2023 23:00,57.07630099,0.884,0.277
3/7/2023 0:00,56.83889248,0.651,0.282
3/7/2023 1:00,57.07630099,0.442,0.288
3/7/2023 2:00,51.78991381,0.262,0.292
3/7/2023 3:00,33.22915941,0.136,0.295
3/7/2023 4:00,31.31960861,0.087,0.297
3/7/2023 5:00,29.93912984,0.071,0.298
3/7/2023 6:00,24.84327276,0.069,0.298
3/7/2023 7:00,30.0903582,0.074,0.299
3/7/2023 8:00,39.08323962,0.075,0.3
3/7/2023 9:00,51.34718686,0.081,0.299
3/7/2023 10:00,76.36781318,0.099,0.299
3/7/2023 11:00,99.49277982,0.094,0.298
3/7/2023 12:00,97.05303325,0.119,0.295
3/7/2023 13:00,79.32575376,0.179,0.29
3/7/2023 14:00,64.01116037,0.596,0.275
3/7/2023 15:00,60.97046828,1.09,0.265
3/7/2023 16:00,60.22649191,1.596,0.256
3/7/2023 17:00,59.73407308,1.889,0.251
3/7/2023 18:00,59.24449545,2.088,0.249
3/7/2023 19:00,58.75774952,2.105,0.25
3/7/2023 20:00,58.75774952,1.954,0.254
3/7/2023 21:00,58.75774952,1.702,0.259
3/7/2023 22:00,58.51543546,1.493,0.263
3/7/2023 23:00,58.75774952,1.278,0.268
3/8/2023 0:00,58.75774952,1.101,0.272
3/8/2023 1:00,58.27382575,0.903,0.277
3/8/2023 2:00,58.75774952,0.718,0.281
3/8/2023 3:00,58.03291922,0.554,0.285
3/8/2023 4:00,58.27382575,0.422,0.288
3/8/2023 5:00,58.03291922,0.305,0.291
3/8/2023 6:00,55.66226702,0.212,0.293
3/8/2023 7:00,54.96458283,0.163,0.294
3/8/2023 8:00,56.60218002,0.164,0.294
3/8/2023 9:00,58.51543546,0.156,0.294
3/8/2023 10:00,56.60218002,0.139,0.294
3/8/2023 11:00,59.48892971,0.208,0.291
3/8/2023 12:00,59.48892971,0.406,0.284
3/8/2023 13:00,58.27382575,0.716,0.276
3/8/2023 14:00,58.03291922,0.996,0.27
3/8/2023 15:00,58.03291922,1.264,0.264
3/8/2023 16:00,58.27382575,1.51,0.259
3/8/2023 17:00,58.27382575,1.675,0.257
3/8/2023 18:00,59.00076912,1.705,0.256
3/8/2023 19:00,59.00076912,1.701,0.257
3/8/2023 20:00,58.51543546,1.594,0.259
3/8/2023 21:00,58.27382575,1.472,0.262
3/8/2023 22:00,58.51543546,1.291,0.267
3/8/2023 23:00,58.51543546,1.123,0.271
3/9/2023 0:00,58.51543546,0.954,0.275
3/9/2023 1:00,58.75774952,0.771,0.28
3/9/2023 2:00,58.27382575,0.578,0.285
3/9/2023 3:00,57.79271466,0.379,0.289
3/9/2023 4:00,57.31440673,0.228,0.292
3/9/2023 5:00,48.74659163,0.129,0.295
3/9/2023 6:00,40.93447128,0.073,0.296
3/9/2023 7:00,35.72955352,0.068,0.297
3/9/2023 8:00,33.88347414,0.069,0.297
3/9/2023 9:00,35.90081215,0.096,0.297
3/9/2023 10:00,45.42523106,0.137,0.296
3/9/2023 11:00,89.98663166,0.126,0.296
3/9/2023 12:00,102.3335667,0.142,0.293
3/9/2023 13:00,69.31381025,0.305,0.286
3/9/2023 14:00,59.97992675,0.678,0.275
3/9/2023 15:00,59.24449545,1.129,0.265
3/9/2023 16:00,59.24449545,1.657,0.254
3/9/2023 17:00,58.75774952,2.104,0.248
3/9/2023 18:00,58.75774952,2.31,0.246
3/9/2023 19:00,58.51543546,2.287,0.248
3/9/2023 20:00,58.75774952,2.17,0.25
3/9/2023 21:00,58.27382575,2.032,0.253
3/9/2023 22:00,58.75774952,1.876,0.257
3/9/2023 23:00,59.00076912,1.688,0.261
3/10/2023 0:00,59.00076912,1.524,0.264
3/10/2023 1:00,59.48892971,1.422,0.266
3/10/2023 2:00,59.73407308,1.363,0.267
3/10/2023 3:00,59.97992675,1.352,0.267
3/10/2023 4:00,60.47376976,1.378,0.267
3/10/2023 5:00,61.21989135,1.44,0.265
3/10/2023 6:00,61.97247007,1.542,0.262
3/10/2023 7:00,62.98600856,1.645,0.259
3/10/2023 8:00,64.78769163,1.788,0.256
3/10/2023 9:00,66.3606109,1.928,0.252
3/10/2023 10:00,71.24056618,1.934,0.256
3/10/2023 11:00,75.49579784,1.646,0.255
3/10/2023 12:00,75.49579784,1.636,0.256
3/10/2023 13:00,78.13307688,1.828,0.253
3/10/2023 14:00,79.62591353,2.189,0.25
3/10/2023 15:00,80.22863035,2.482,0.248
3/10/2023 16:00,80.53118986,2.807,0.24
3/10/2023 17:00,79.62591353,3.037,0.234
3/10/2023 18:00,79.62591353,3.127,0.232
3/10/2023 19:00,78.13307688,3.096,0.232
3/10/2023 20:00,78.43005422,2.951,0.235
3/10/2023 21:00,77.54149858,2.727,0.238
3/10/2023 22:00,77.83689208,2.527,0.242
3/10/2023 23:00,75.49579784,2.325,0.246
3/11/2023 0:00,74.0580529,2.09,0.251
3/11/2023 1:00,72.07774293,1.83,0.256
3/11/2023 2:00,70.96303535,1.633,0.26
3/11/2023 3:00,69.86052005,1.486,0.263
3/11/2023 4:00,68.77011941,1.366,0.265
3/11/2023 5:00,68.22943785,1.27,0.267
3/11/2023 6:00,67.6917559,1.188,0.269
3/11/2023 7:00,66.8908361,1.11,0.271
3/11/2023 8:00,66.62535217,1.051,0.272
3/11/2023 9:00,66.3606109,1.054,0.271
3/11/2023 10:00,65.83335151,1.169,0.268
3/11/2023 11:00,65.83335151,1.381,0.263
3/11/2023 12:00,65.83335151,1.67,0.256
3/11/2023 13:00,66.09661108,2.121,0.248
3/11/2023 14:00,67.1570639,2.703,0.239
3/11/2023 15:00,67.96022253,3.129,0.234
3/11/2023 16:00,68.77011941,3.432,0.23
3/11/2023 17:00,69.86052005,3.598,0.228
3/11/2023 18:00,70.41025852,3.707,0.228
3/11/2023 19:00,71.24056618,3.616,0.23
3/11/2023 20:00,70.96303535,3.378,0.234
3/11/2023 21:00,70.68626653,3.065,0.239
3/11/2023 22:00,70.96303535,2.765,0.244
3/11/2023 23:00,70.41025852,2.49,0.249
3/12/2023 0:00,70.41025852,2.229,0.253
3/12/2023 1:00,69.86052005,1.999,0.258
3/12/2023 2:00,69.31381025,1.782,0.261
3/12/2023 3:00,69.31381025,1.58,0.265
3/12/2023 4:00,68.49940307,1.411,0.268
3/12/2023 5:00,68.49940307,1.256,0.271
3/12/2023 6:00,68.22943785,1.143,0.273
3/12/2023 7:00,67.96022253,1.06,0.275
3/12/2023 8:00,67.6917559,0.999,0.275
3/12/2023 9:00,67.6917559,1.018,0.274
3/12/2023 10:00,67.6917559,1.173,0.269
3/12/2023 11:00,67.1570639,1.444,0.263
3/12/2023 12:00,67.42403676,1.84,0.255
3/12/2023 13:00,67.96022253,2.286,0.247
3/12/2023 14:00,69.04158806,2.737,0.239
3/12/2023 15:00,70.68626653,3.226,0.233
3/12/2023 16:00,71.51886024,3.658,0.227
3/12/2023 17:00,73.77283501,4.003,0.223
3/12/2023 18:00,75.49579784,4.118,0.223
3/12/2023 19:00,77.54149858,4.063,0.224
3/12/2023 20:00,80.53118986,3.995,0.225
3/12/2023 21:00,82.98065488,3.894,0.226
3/12/2023 22:00,85.16655797,3.711,0.229
3/12/2023 23:00,87.07218841,3.522,0.233
3/13/2023 0:00,87.7140121,3.348,0.237
3/13/2023 1:00,87.7140121,3.199,0.238
3/13/2023 2:00,88.68298202,3.07,0.239
3/13/2023 3:00,88.03616958,2.952,0.24
3/13/2023 4:00,87.07218841,2.844,0.242
3/13/2023 5:00,87.07218841,2.771,0.242
3/13/2023 6:00,89.00763946,2.724,0.242
3/13/2023 7:00,93.64117145,2.683,0.241
3/13/2023 8:00,100.9061356,2.637,0.243
3/13/2023 9:00,104.5012818,2.599,0.245
3/13/2023 10:00,106.7011221,2.653,0.242
3/13/2023 11:00,113.4961397,2.737,0.238
3/13/2023 12:00,123.4313598,2.796,0.234
3/13/2023 13:00,131.3802812,2.874,0.231
3/13/2023 14:00,134.3975128,3.022,0.227
3/13/2023 15:00,137.4631974,3.373,0.22
3/13/2023 16:00,142.3796743,3.811,0.215
3/13/2023 17:00,154.9703471,4.004,0.213
3/13/2023 18:00,163.7869668,4.126,0.21
3/13/2023 19:00,170.3700727,4.084,0.211
3/13/2023 20:00,171.3991241,3.938,0.212
3/13/2023 21:00,172.9508945,3.76,0.215
3/13/2023 22:00,176.0840634,3.537,0.218
3/13/2023 23:00,175.5591162,3.352,0.219
3/14/2023 0:00,175.0352718,3.263,0.219
3/14/2023 1:00,176.6101145,3.178,0.22
3/14/2023 2:00,173.9908858,3.094,0.221
3/14/2023 3:00,177.1372711,3.046,0.221
3/14/2023 4:00,179.7896822,2.982,0.222
3/14/2023 5:00,181.9316456,2.903,0.223
3/14/2023 6:00,181.9316456,2.818,0.224
3/14/2023 7:00,186.2693648,2.733,0.226
3/14/2023 8:00,185.7232102,2.64,0.227
3/14/2023 9:00,185.178184,2.597,0.228
3/14/2023 10:00,183.0093352,2.633,0.227
3/14/2023 11:00,181.3944798,2.758,0.224
3/14/2023 12:00,185.178184,2.964,0.221
3/14/2023 13:00,186.2693648,3.235,0.218
3/14/2023 14:00,188.4652934,3.47,0.215
3/14/2023 15:00,195.7279392,3.65,0.212
3/14/2023 16:00,203.1853993,3.688,0.212
3/14/2023 17:00,216.8658299,3.664,0.212
3/14/2023 18:00,233.7380669,3.609,0.212
3/14/2023 19:00,252.1898433,3.495,0.215
3/14/2023 20:00,282.4886192,3.276,0.182
3/14/2023 21:00,309.7543084,3.05,0.198
3/14/2023 22:00,327.2993644,2.819,0.197
3/14/2023 23:00,341.3274358,2.655,0.189
3/15/2023 0:00,348.9228319,2.651,0.187
3/15/2023 1:00,349.7740423,2.649,0.192
3/15/2023 2:00,345.5325693,2.556,0.193
3/15/2023 3:00,350.6267136,2.409,0.19
3/15/2023 4:00,376.8933532,2.051,0.19
3/15/2023 5:00,387.7773184,1.542,0.191
3/15/2023 6:00,388.6941841,1.388,0.194
3/15/2023 7:00,395.1550281,1.37,0.194
3/15/2023 8:00,385.0358574,1.361,0.193
3/15/2023 9:00,373.3136825,1.41,0.19
3/15/2023 10:00,366.2262555,1.587,0.189
3/15/2023 11:00,354.9120333,1.87,0.184
3/15/2023 12:00,352.3364445,2.265,0.18
3/15/2023 13:00,344.6886413,2.634,0.177
3/15/2023 14:00,345.5325693,2.878,0.176
3/15/2023 15:00,339.6555168,3.081,0.175
3/15/2023 16:00,330.5628582,3.317,0.172
3/15/2023 17:00,335.5009542,3.622,0.17
3/15/2023 18:00,329.744847,3.633,0.172
3/15/2023 19:00,329.744847,3.363,0.175
3/15/2023 20:00,324.058619,2.95,0.179
3/15/2023 21:00,324.8666777,2.566,0.182
3/15/2023 22:00,314.4719526,2.278,0.183
3/15/2023 23:00,312.8938247,2.062,0.183
3/16/2023 0:00,307.414273,1.836,0.184
3/16/2023 1:00,302.0026297,1.654,0.186
3/16/2023 2:00,300.4688502,1.459,0.188
3/16/2023 3:00,297.4177561,1.278,0.19
3/16/2023 4:00,293.6346423,1.164,0.19
3/16/2023 5:00,289.8855334,1.056,0.191
3/16/2023 6:00,285.4312388,0.958,0.192
3/16/2023 7:00,286.9106103,0.848,0.194
3/16/2023 8:00,281.756315,0.713,0.197
3/16/2023 9:00,278.114828,0.605,0.199
3/16/2023 10:00,277.3905275,0.604,0.199
3/16/2023 11:00,270.9314566,0.786,0.196
3/16/2023 12:00,273.788931,1.291,0.187
3/16/2023 13:00,268.8021765,2.201,0.175
3/16/2023 14:00,270.9314566,3.193,0.167
3/16/2023 15:00,273.072583,4.006,0.162
3/16/2023 16:00,268.0950425,4.519,0.16
3/16/2023 17:00,263.8797117,4.585,0.16
3/16/2023 18:00,267.389219,4.428,0.162
3/16/2023 19:00,271.6438473,4.118,0.165
3/16/2023 20:00,267.389219,3.63,0.169
3/16/2023 21:00,263.8797117,3.108,0.174
3/16/2023 22:00,263.8797117,2.705,0.177
3/16/2023 23:00,263.8797117,2.389,0.18
3/17/2023 0:00,261.0955536,2.134,0.182
3/17/2023 1:00,261.0955536,1.923,0.185
3/17/2023 2:00,256.9581848,1.744,0.187
3/17/2023 3:00,257.6445177,1.582,0.19
3/17/2023 4:00,256.9581848,1.431,0.192
3/17/2023 5:00,252.1898433,1.278,0.194
3/17/2023 6:00,254.2257202,1.134,0.196
3/17/2023 7:00,250.1654712,1.006,0.199
3/17/2023 8:00,246.1510908,0.897,0.201
3/17/2023 9:00,242.8405946,0.834,0.202
3/17/2023 10:00,243.5001708,0.853,0.202
3/17/2023 11:00,241.5252174,1.012,0.199
3/17/2023 12:00,237.6091846,1.48,0.191
3/17/2023 13:00,239.5615678,2.372,0.179
3/17/2023 14:00,240.214864,3.391,0.17
3/17/2023 15:00,239.5615678,4.213,0.165
3/17/2023 16:00,236.9608873,4.77,0.162
3/17/2023 17:00,237.6091846,4.974,0.163
3/17/2023 18:00,240.214864,4.84,0.165
3/17/2023 19:00,236.9608873,4.443,0.169
3/17/2023 20:00,234.3801468,3.843,0.175
3/17/2023 21:00,236.9608873,3.218,0.182
3/17/2023 22:00,234.3801468,2.725,0.186
3/17/2023 23:00,235.6680301,2.382,0.19
3/18/2023 0:00,235.6680301,2.128,0.192
3/18/2023 1:00,233.0972263,1.924,0.195
3/18/2023 2:00,233.0972263,1.71,0.197
3/18/2023 3:00,232.4576236,1.515,0.2
3/18/2023 4:00,228.645926,1.336,0.202
3/18/2023 5:00,229.9115642,1.161,0.204
3/18/2023 6:00,227.3852006,0.994,0.207
3/18/2023 7:00,228.645926,0.84,0.209
3/18/2023 8:00,224.8784443,0.746,0.21
3/18/2023 9:00,224.2548085,0.799,0.208
3/18/2023 10:00,221.7724367,0.899,0.206
3/18/2023 11:00,224.2548085,1.15,0.202
3/18/2023 12:00,221.1548798,1.6,0.194
3/18/2023 13:00,221.7724367,2.405,0.183
3/18/2023 14:00,221.7724367,3.466,0.173
3/18/2023 15:00,221.7724367,4.327,0.167
3/18/2023 16:00,223.011191,4.963,0.163
3/18/2023 17:00,221.1548798,5.163,0.163
3/18/2023 18:00,221.7724367,4.989,0.165
3/18/2023 19:00,219.9233994,4.65,0.169
3/18/2023 20:00,220.5385345,4.134,0.173
3/18/2023 21:00,222.3912067,3.614,0.178
3/18/2023 22:00,219.9233994,3.206,0.181
3/18/2023 23:00,219.3094733,2.904,0.184
3/19/2023 0:00,217.4749343,2.598,0.187
3/19/2023 1:00,218.0852421,2.327,0.19
3/19/2023 2:00,218.0852421,2.185,0.191
3/19/2023 3:00,215.6512257,2.125,0.192
3/19/2023 4:00,215.0457231,2.064,0.193
3/19/2023 5:00,215.0457231,1.956,0.194
3/19/2023 6:00,215.6512257,1.821,0.196
3/19/2023 7:00,214.4414184,1.724,0.197
3/19/2023 8:00,212.0361509,1.667,0.197
3/19/2023 9:00,213.2363972,1.719,0.196
3/19/2023 10:00,213.2363972,1.898,0.193
3/19/2023 11:00,213.2363972,2.191,0.189
3/19/2023 12:00,212.6356779,2.628,0.184
3/19/2023 13:00,212.6356779,3.346,0.176
3/19/2023 14:00,211.437815,4.251,0.168
3/19/2023 15:00,211.437815,5.127,0.162
3/19/2023 16:00,211.437815,5.653,0.16
3/19/2023 17:00,211.437815,5.767,0.16
3/19/2023 18:00,213.8383103,5.637,0.162
3/19/2023 19:00,215.0457231,5.361,0.164
3/19/2023 20:00,215.0457231,4.984,0.167
3/19/2023 21:00,214.4414184,4.624,0.17
3/19/2023 22:00,216.8658299,4.336,0.172
3/19/2023 23:00,212.6356779,4.094,0.174
3/20/2023 0:00,215.6512257,3.87,0.176
3/20/2023 1:00,214.4414184,3.693,0.177
3/20/2023 2:00,214.4414184,3.567,0.178
3/20/2023 3:00,214.4414184,3.503,0.179
3/20/2023 4:00,213.2363972,3.457,0.179
3/20/2023 5:00,213.2363972,3.417,0.179
3/20/2023 6:00,213.8383103,3.398,0.179
3/20/2023 7:00,216.2579275,3.384,0.179
3/20/2023 8:00,221.1548798,3.329,0.179
3/20/2023 9:00,226.7566768,3.26,0.179
3/20/2023 10:00,221.7724367,3.274,0.179
3/20/2023 11:00,225.5033,3.278,0.178
3/20/2023 12:00,235.6680301,3.236,0.176
3/20/2023 13:00,238.9095235,3.214,0.174
3/20/2023 14:00,240.8694134,3.146,0.173
3/20/2023 15:00,239.5615678,3.215,0.172
3/20/2023 16:00,238.2587295,3.276,0.17
3/20/2023 17:00,235.0234674,3.484,0.168
3/20/2023 18:00,233.7380669,3.609,0.168
3/20/2023 19:00,228.645926,3.605,0.17
3/20/2023 20:00,226.7566768,3.495,0.172
3/20/2023 21:00,226.7566768,3.361,0.174
3/20/2023 22:00,224.2548085,3.168,0.176
3/20/2023 23:00,223.011191,2.797,0.18
3/21/2023 0:00,223.011191,2.5,0.183
3/21/2023 1:00,221.7724367,2.283,0.185
3/21/2023 2:00,220.5385345,2.114,0.187
3/21/2023 3:00,218.6967546,2.015,0.188
3/21/2023 4:00,218.6967546,1.983,0.188
3/21/2023 5:00,217.4749343,2.012,0.188
3/21/2023 6:00,215.0457231,2.045,0.188
3/21/2023 7:00,212.6356779,2.095,0.187
3/21/2023 8:00,211.437815,2.136,0.187
3/21/2023 9:00,212.6356779,2.107,0.187
3/21/2023 10:00,212.6356779,2.193,0.186
3/21/2023 11:00,212.0361509,2.478,0.183
3/21/2023 12:00,215.0457231,2.989,0.177
3/21/2023 13:00,215.6512257,3.85,0.17
3/21/2023 14:00,219.3094733,4.645,0.166
3/21/2023 15:00,223.6323912,4.97,0.165
3/21/2023 16:00,226.7566768,5.167,0.164
3/21/2023 17:00,234.3801468,5.386,0.162
3/21/2023 18:00,239.5615678,5.265,0.162
3/21/2023 19:00,239.5615678,5.086,0.164
3/21/2023 20:00,238.9095235,4.793,0.166
3/21/2023 21:00,238.9095235,4.447,0.169
3/21/2023 22:00,238.2587295,4.095,0.171
3/21/2023 23:00,236.3138363,3.815,0.173
3/22/2023 0:00,233.7380669,3.611,0.175
3/22/2023 1:00,234.3801468,3.436,0.176
3/22/2023 2:00,231.8192574,3.237,0.178
3/22/2023 3:00,229.9115642,3.032,0.18
3/22/2023 4:00,229.2781303,2.823,0.182
3/22/2023 5:00,226.7566768,2.632,0.184
3/22/2023 6:00,224.8784443,2.465,0.186
3/22/2023 7:00,221.7724367,2.35,0.187
3/22/2023 8:00,221.1548798,2.284,0.188
3/22/2023 9:00,220.5385345,2.275,0.188
3/22/2023 10:00,219.9233994,2.302,0.187
3/22/2023 11:00,217.4749343,2.479,0.185
3/22/2023 12:00,218.6967546,3.016,0.179
3/22/2023 13:00,218.0852421,3.963,0.17
3/22/2023 14:00,216.8658299,4.909,0.164
3/22/2023 15:00,218.6967546,5.617,0.16
3/22/2023 16:00,216.8658299,6.026,0.158
3/22/2023 17:00,218.0852421,6.05,0.159
3/22/2023 18:00,218.6967546,5.795,0.16
3/22/2023 19:00,223.6323912,5.498,0.162
3/22/2023 20:00,222.3912067,5.14,0.165
3/22/2023 21:00,223.6323912,4.774,0.167
3/22/2023 22:00,223.011191,4.38,0.17
3/22/2023 23:00,221.1548798,4.058,0.172
3/23/2023 0:00,219.9233994,3.805,0.174
3/23/2023 1:00,217.4749343,3.577,0.177
3/23/2023 2:00,218.6967546,3.384,0.18
3/23/2023 3:00,218.6967546,3.284,0.179
3/23/2023 4:00,218.6967546,3.225,0.179
3/23/2023 5:00,216.8658299,3.171,0.18
3/23/2023 6:00,218.0852421,3.094,0.18
3/23/2023 7:00,216.2579275,3.049,0.181
3/23/2023 8:00,215.0457231,3.048,0.181
3/23/2023 9:00,216.8658299,3.124,0.18
3/23/2023 10:00,215.0457231,3.28,0.181
3/23/2023 11:00,217.4749343,3.436,0.18
3/23/2023 12:00,221.7724367,3.571,0.176
3/23/2023 13:00,225.5033,3.781,0.173
3/23/2023 14:00,228.645926,4.194,0.171
3/23/2023 15:00,227.3852006,4.595,0.168
3/23/2023 16:00,231.1821264,5.028,0.166
3/23/2023 17:00,228.645926,5.153,0.163
3/23/2023 18:00,227.3852006,5.095,0.164
3/23/2023 19:00,228.645926,4.961,0.164
3/23/2023 20:00,227.3852006,4.696,0.167
3/23/2023 21:00,223.6323912,4.36,0.169
3/23/2023 22:00,226.1293771,4.055,0.172
3/23/2023 23:00,224.8784443,3.744,0.175
3/24/2023 0:00,221.1548798,3.477,0.177
3/24/2023 1:00,226.7566768,2.64,0.185
3/24/2023 2:00,228.645926,2.002,0.189
3/24/2023 3:00,229.9115642,1.777,0.19
3/24/2023 4:00,227.3852006,1.691,0.191
3/24/2023 5:00,229.2781303,1.601,0.192
3/24/2023 6:00,225.5033,1.504,0.194
3/24/2023 7:00,223.011191,1.436,0.194
3/24/2023 8:00,220.5385345,1.371,0.195
3/24/2023 9:00,218.0852421,1.282,0.196
3/24/2023 10:00,218.0852421,1.268,0.197
3/24/2023 11:00,216.2579275,1.464,0.195
3/24/2023 12:00,215.0457231,1.808,0.192
3/24/2023 13:00,216.2579275,2.177,0.188
3/24/2023 14:00,215.0457231,2.533,0.185
3/24/2023 15:00,214.4414184,2.932,0.181
3/24/2023 16:00,215.0457231,3.341,0.178
3/24/2023 17:00,218.0852421,3.509,0.176
3/24/2023 18:00,218.0852421,3.53,0.175
3/24/2023 19:00,216.2579275,3.318,0.177
3/24/2023 20:00,216.8658299,3.024,0.181
3/24/2023 21:00,214.4414184,2.677,0.183
3/24/2023 22:00,215.0457231,2.411,0.186
3/24/2023 23:00,214.4414184,2.176,0.192
3/25/2023 0:00,212.6356779,1.956,0.195
3/25/2023 1:00,212.6356779,1.718,0.196
3/25/2023 2:00,210.2447106,1.586,0.199
3/25/2023 3:00,210.8406687,1.485,0.2
3/25/2023 4:00,210.8406687,1.374,0.201
3/25/2023 5:00,209.0563538,1.277,0.202
3/25/2023 6:00,209.6499395,1.216,0.203
3/25/2023 7:00,206.693839,1.192,0.206
3/25/2023 8:00,206.693839,1.172,0.206
3/25/2023 9:00,206.1061603,1.166,0.205
3/25/2023 10:00,209.0563538,1.198,0.206
3/25/2023 11:00,210.2447106,1.363,0.202
3/25/2023 12:00,209.0563538,1.668,0.196
3/25/2023 13:00,212.0361509,2.094,0.191
3/25/2023 14:00,208.4639523,2.663,0.184
3/25/2023 15:00,209.6499395,3.45,0.177
3/25/2023 16:00,210.2447106,3.622,0.176
3/25/2023 17:00,210.8406687,3.637,0.176
3/25/2023 18:00,209.6499395,3.472,0.178
3/25/2023 19:00,210.2447106,3.282,0.18
3/25/2023 20:00,208.4639523,2.911,0.184
3/25/2023 21:00,208.4639523,2.542,0.188
3/25/2023 22:00,206.693839,2.178,0.192
3/25/2023 23:00,206.1061603,1.835,0.196
3/26/2023 0:00,204.9343336,1.526,0.2
3/26/2023 1:00,203.7672051,1.255,0.201
3/26/2023 2:00,201.4469992,1.003,0.204
3/26/2023 3:00,201.4469992,0.785,0.207
3/26/2023 4:00,202.0252977,0.597,0.21
3/26/2023 5:00,200.2938999,0.424,0.213
3/26/2023 6:00,192.9117221,0.269,0.216
3/26/2023 7:00,187.3650643,0.144,0.218
3/26/2023 8:00,180.8584316,0.081,0.219
3/26/2023 9:00,186.2693648,0.12,0.218
3/26/2023 10:00,189.5700629,0.316,0.217
3/26/2023 11:00,196.2946354,0.642,0.211
3/26/2023 12:00,202.0252977,1.131,0.203
3/26/2023 13:00,203.7672051,1.751,0.198
3/26/2023 14:00,205.519659,2.21,0.191
3/26/2023 15:00,207.2826963,2.411,0.187
3/26/2023 16:00,207.8727336,2.471,0.187
3/26/2023 17:00,208.4639523,2.498,0.188
3/26/2023 18:00,206.1061603,2.541,0.187
3/26/2023 19:00,202.0252977,2.472,0.189
3/26/2023 20:00,199.7190964,2.343,0.19
3/26/2023 21:00,199.7190964,2.18,0.191
3/26/2023 22:00,198.5729748,2.004,0.191
3/26/2023 23:00,198.0016541,1.825,0.193
3/27/2023 0:00,199.1454552,1.641,0.195
3/27/2023 1:00,196.2946354,1.499,0.196
3/27/2023 2:00,195.7279392,1.392,0.196
3/27/2023 3:00,195.1623957,1.249,0.198
3/27/2023 4:00,195.1623957,1.078,0.2
3/27/2023 5:00,193.4726682,0.913,0.204
3/27/2023 6:00,193.4726682,0.741,0.205
3/27/2023 7:00,192.9117221,0.582,0.208
3/27/2023 8:00,191.2357541,0.454,0.211
3/27/2023 9:00,191.2357541,0.39,0.211
3/27/2023 10:00,186.816649,0.445,0.21
3/27/2023 11:00,181.3944798,0.737,0.206
3/27/2023 12:00,187.914612,1.372,0.199
3/27/2023 13:00,188.4652934,2.33,0.186
3/27/2023 14:00,192.9117221,2.921,0.181
3/27/2023 15:00,195.7279392,3.35,0.176
3/27/2023 16:00,198.5729748,3.889,0.175
3/27/2023 17:00,199.1454552,4.273,0.174
3/27/2023 18:00,198.0016541,4.242,0.172
3/27/2023 19:00,195.7279392,3.963,0.173
3/27/2023 20:00,194.0347616,3.522,0.177
3/27/2023 21:00,195.7279392,3.082,0.181
3/27/2023 22:00,193.4726682,2.713,0.183
3/27/2023 23:00,192.9117221,2.458,0.186
3/28/2023 0:00,190.6793836,2.265,0.191
3/28/2023 1:00,190.1241537,2.13,0.189
3/28/2023 2:00,189.5700629,2.055,0.19
3/28/2023 3:00,190.1241537,2.002,0.192
3/28/2023 4:00,189.5700629,1.965,0.191
3/28/2023 5:00,190.6793836,1.947,0.19
3/28/2023 6:00,190.1241537,1.957,0.19
3/28/2023 7:00,188.4652934,1.985,0.19
3/28/2023 8:00,189.5700629,1.994,0.189
3/28/2023 9:00,188.4652934,2.017,0.189
3/28/2023 10:00,189.01711,2.103,0.188
3/28/2023 11:00,189.01711,2.234,0.186
3/28/2023 12:00,189.5700629,2.388,0.184
3/28/2023 13:00,188.4652934,2.557,0.182
3/28/2023 14:00,187.914612,2.75,0.18
3/28/2023 15:00,187.914612,2.98,0.177
3/28/2023 16:00,187.3650643,3.154,0.176
3/28/2023 17:00,187.3650643,3.259,0.177
3/28/2023 18:00,187.914612,3.331,0.177
3/28/2023 19:00,187.3650643,3.325,0.177
3/28/2023 20:00,188.4652934,3.259,0.18
3/28/2023 21:00,190.1241537,3.194,0.18
3/28/2023 22:00,202.0252977,3.15,0.179
3/28/2023 23:00,202.604764,3.094,0.181
3/29/2023 0:00,201.4469992,3.064,0.18
3/29/2023 1:00,201.4469992,3.034,0.18
3/29/2023 2:00,200.8698671,2.99,0.18
3/29/2023 3:00,200.2938999,2.935,0.181
3/29/2023 4:00,199.1454552,2.897,0.181
3/29/2023 5:00,199.1454552,2.879,0.182
3/29/2023 6:00,199.7190964,2.866,0.182
3/29/2023 7:00,199.7190964,2.847,0.182
3/29/2023 8:00,202.0252977,2.794,0.184
3/29/2023 9:00,203.7672051,2.717,0.184
3/29/2023 10:00,204.3501828,2.752,0.184
3/29/2023 11:00,205.519659,2.935,0.182
3/29/2023 12:00,204.3501828,3.113,0.182
3/29/2023 13:00,204.3501828,3.306,0.182
3/29/2023 14:00,203.7672051,3.432,0.179
3/29/2023 15:00,204.3501828,3.541,0.177
3/29/2023 16:00,204.9343336,3.643,0.176
3/29/2023 17:00,205.519659,3.652,0.176
3/29/2023 18:00,204.9343336,3.678,0.176
3/29/2023 19:00,206.693839,3.63,0.177
3/29/2023 20:00,207.2826963,3.523,0.178
3/29/2023 21:00,208.4639523,3.377,0.18
3/29/2023 22:00,205.519659,3.221,0.181
3/29/2023 23:00,205.519659,3.121,0.182
3/30/2023 0:00,203.7672051,3.037,0.183
3/30/2023 1:00,203.7672051,2.938,0.183
3/30/2023 2:00,204.9343336,2.72,0.183
3/30/2023 3:00,206.693839,2.324,0.187
3/30/2023 4:00,208.4639523,1.884,0.191
3/30/2023 5:00,210.8406687,1.487,0.193
3/30/2023 6:00,210.2447106,1.198,0.196
3/30/2023 7:00,210.2447106,0.961,0.198
3/30/2023 8:00,213.8383103,0.672,0.201
3/30/2023 9:00,211.437815,0.296,0.205
3/30/2023 10:00,202.0252977,0.108,0.207
3/30/2023 11:00,195.1623957,0.1,0.207
3/30/2023 12:00,214.4414184,0.117,0.207
3/30/2023 13:00,225.5033,0.155,0.208
3/30/2023 14:00,225.5033,0.248,0.203
3/30/2023 15:00,230.5462291,0.629,0.193
3/30/2023 16:00,239.5615678,1.373,0.184
3/30/2023 17:00,254.9069091,1.402,0.185
3/30/2023 18:00,261.7896448,1.223,0.189
3/30/2023 19:00,265.2795983,1.29,0.192
3/30/2023 20:00,260.4027589,1.416,0.19
3/30/2023 21:00,252.8671887,1.529,0.191
3/30/2023 22:00,245.4864657,1.631,0.192
3/30/2023 23:00,239.5615678,1.709,0.187
3/31/2023 0:00,233.0972263,1.793,0.187
3/31/2023 1:00,229.9115642,1.879,0.186
3/31/2023 2:00,226.1293771,1.942,0.186
3/31/2023 3:00,223.011191,1.969,0.187
3/31/2023 4:00,221.1548798,2.008,0.188
3/31/2023 5:00,218.6967546,2.057,0.189
3/31/2023 6:00,216.8658299,2.099,0.189
3/31/2023 7:00,214.4414184,2.137,0.188
3/31/2023 8:00,215.0457231,2.188,0.187
3/31/2023 9:00,210.8406687,2.322,0.185
3/31/2023 10:00,209.0563538,2.578,0.183
3/31/2023 11:00,209.6499395,2.991,0.179
3/31/2023 12:00,210.8406687,3.548,0.174
3/31/2023 13:00,216.8658299,4.17,0.169
3/31/2023 14:00,220.5385345,4.726,0.166
3/31/2023 15:00,227.3852006,5.166,0.164
3/31/2023 16:00,235.6680301,5.528,0.162
3/31/2023 17:00,243.5001708,5.526,0.161
3/31/2023 18:00,245.4864657,5.365,0.163
3/31/2023 19:00,252.8671887,5.036,0.164
3/31/2023 20:00,254.2257202,4.639,0.169
3/31/2023 21:00,252.8671887,4.241,0.171
3/31/2023 22:00,252.1898433,3.904,0.173
3/31/2023 23:00,252.1898433,3.678,0.175
4/1/2023 0:00,250.1654712,3.534,0.176
4/1/2023 1:00,246.8169817,3.446,0.176
4/1/2023 2:00,244.8231049,3.369,0.177
4/1/2023 3:00,242.8405946,3.307,0.177
4/1/2023 4:00,242.8405946,3.259,0.177
4/1/2023 5:00,239.5615678,3.219,0.177
4/1/2023 6:00,244.8231049,3.172,0.177
4/1/2023 7:00,248.8222628,3.115,0.178
4/1/2023 8:00,250.8389859,3.06,0.178
4/1/2023 9:00,263.1817224,2.977,0.178
4/1/2023 10:00,265.9814983,2.966,0.177
4/1/2023 11:00,265.9814983,3.095,0.175
4/1/2023 12:00,271.6438473,3.361,0.173
4/1/2023 13:00,270.9314566,3.631,0.172
4/1/2023 14:00,278.840459,3.678,0.173
4/1/2023 15:00,284.6935706,3.724,0.173
4/1/2023 16:00,279.5674217,3.826,0.172
4/1/2023 17:00,276.6675559,3.987,0.171
4/1/2023 18:00,279.5674217,4.069,0.172
4/1/2023 19:00,272.3575556,3.962,0.172
4/1/2023 20:00,267.389219,3.679,0.172
4/1/2023 21:00,264.5790032,3.337,0.175
4/1/2023 22:00,263.8797117,3.055,0.177
4/1/2023 23:00,261.0955536,2.843,0.179
4/2/2023 0:00,258.3321402,2.723,0.18
4/2/2023 1:00,259.7112594,2.678,0.181
4/2/2023 2:00,260.4027589,2.674,0.181
4/2/2023 3:00,254.2257202,2.669,0.181
4/2/2023 4:00,256.2731399,2.661,0.182
4/2/2023 5:00,255.5893819,2.627,0.182
4/2/2023 6:00,250.1654712,2.582,0.182
4/2/2023 7:00,251.5137761,2.535,0.183
4/2/2023 8:00,249.4932306,2.528,0.182
4/2/2023 9:00,250.8389859,2.627,0.181
4/2/2023 10:00,246.8169817,2.856,0.177
4/2/2023 11:00,250.1654712,3.252,0.173
4/2/2023 12:00,246.8169817,3.711,0.169
4/2/2023 13:00,246.8169817,4.193,0.166
4/2/2023 14:00,250.8389859,4.51,0.163
4/2/2023 15:00,250.8389859,5.219,0.158
4/2/2023 16:00,256.2731399,5.727,0.156
4/2/2023 17:00,263.8797117,5.774,0.157
4/2/2023 18:00,256.9581848,5.396,0.16
4/2/2023 19:00,261.0955536,4.946,0.164
4/2/2023 20:00,261.0955536,4.538,0.167
4/2/2023 21:00,261.0955536,4.185,0.169
4/2/2023 22:00,254.2257202,3.891,0.172
4/2/2023 23:00,258.3321402,3.68,0.173
4/3/2023 0:00,254.9069091,3.511,0.174
4/3/2023 1:00,254.9069091,3.367,0.175
4/3/2023 2:00,252.1898433,3.252,0.176
4/3/2023 3:00,255.5893819,3.13,0.177
4/3/2023 4:00,250.1654712,3.015,0.178
4/3/2023 5:00,252.8671887,2.897,0.18
4/3/2023 6:00,252.8671887,2.766,0.181
4/3/2023 7:00,248.8222628,2.634,0.182
4/3/2023 8:00,246.8169817,2.537,0.183
4/3/2023 9:00,247.4841397,2.511,0.181
4/3/2023 10:00,250.1654712,2.564,0.18
